file,class_name,label,group
ARIA_Benign_WBC-Benign-001.png,Benign,0,0
ARIA_Benign_WBC-Benign-002.png,Benign,0,1
ARIA_Benign_WBC-Benign-003.png,Benign,0,1
ARIA_Benign_WBC-Benign-004.png,Benign,0,1
ARIA_Benign_WBC-Benign-005.png,Benign,0,1
ARIA_Benign_WBC-Benign-006.png,Benign,0,2
ARIA_Benign_WBC-Benign-007.png,Benign,0,3
ARIA_Benign_WBC-Benign-008.png,Benign,0,3
ARIA_Benign_WBC-Benign-009.png,Benign,0,4
ARIA_Benign_WBC-Benign-010.png,Benign,0,5
ARIA_Benign_WBC-Benign-011.png,Benign,0,6
ARIA_Benign_WBC-Benign-012.png,Benign,0,7
ARIA_Benign_WBC-Benign-013.png,Benign,0,8
ARIA_Benign_WBC-Benign-014.png,Benign,0,9
ARIA_Benign_WBC-Benign-015.png,Benign,0,10
ARIA_Benign_WBC-Benign-016.png,Benign,0,10
ARIA_Benign_WBC-Benign-017.png,Benign,0,11
ARIA_Benign_WBC-Benign-018.png,Benign,0,12
ARIA_Benign_WBC-Benign-019.png,Benign,0,13
ARIA_Benign_WBC-Benign-020.png,Benign,0,14
ARIA_Benign_WBC-Benign-021.png,Benign,0,15
ARIA_Benign_WBC-Benign-022.png,Benign,0,16
ARIA_Benign_WBC-Benign-023.png,Benign,0,17
ARIA_Benign_WBC-Benign-024.png,Benign,0,18
ARIA_Benign_WBC-Benign-025.png,Benign,0,19
ARIA_Benign_WBC-Benign-026.png,Benign,0,20
ARIA_Benign_WBC-Benign-027.png,Benign,0,21
ARIA_Benign_WBC-Benign-028.png,Benign,0,22
ARIA_Benign_WBC-Benign-029.png,Benign,0,23
ARIA_Benign_WBC-Benign-030.png,Benign,0,24
ARIA_Benign_WBC-Benign-031.png,Benign,0,25
ARIA_Benign_WBC-Benign-032.png,Benign,0,26
ARIA_Benign_WBC-Benign-033.png,Benign,0,27
ARIA_Benign_WBC-Benign-034.png,Benign,0,28
ARIA_Benign_WBC-Benign-035.png,Benign,0,29
ARIA_Benign_WBC-Benign-036.png,Benign,0,30
ARIA_Benign_WBC-Benign-037.png,Benign,0,31
ARIA_Benign_WBC-Benign-038.png,Benign,0,32
ARIA_Benign_WBC-Benign-039.png,Benign,0,33
ARIA_Benign_WBC-Benign-040.png,Benign,0,34
ARIA_Benign_WBC-Benign-041.png,Benign,0,35
ARIA_Benign_WBC-Benign-042.png,Benign,0,36
ARIA_Benign_WBC-Benign-043.png,Benign,0,37
ARIA_Benign_WBC-Benign-044.png,Benign,0,38
ARIA_Benign_WBC-Benign-045.png,Benign,0,39
ARIA_Benign_WBC-Benign-046.png,Benign,0,40
ARIA_Benign_WBC-Benign-047.png,Benign,0,41
ARIA_Benign_WBC-Benign-048.png,Benign,0,42
ARIA_Benign_WBC-Benign-049.png,Benign,0,43
ARIA_Benign_WBC-Benign-050.png,Benign,0,44
ARIA_Benign_WBC-Benign-051.png,Benign,0,45
ARIA_Benign_WBC-Benign-052.png,Benign,0,46
ARIA_Benign_WBC-Benign-053.png,Benign,0,47
ARIA_Benign_WBC-Benign-054.png,Benign,0,48
ARIA_Benign_WBC-Benign-055.png,Benign,0,49
ARIA_Benign_WBC-Benign-056.png,Benign,0,50
ARIA_Benign_WBC-Benign-057.png,Benign,0,51
ARIA_Benign_WBC-Benign-058.png,Benign,0,52
ARIA_Benign_WBC-Benign-059.png,Benign,0,53
ARIA_Benign_WBC-Benign-060.png,Benign,0,54
ARIA_Benign_WBC-Benign-061.png,Benign,0,55
ARIA_Benign_WBC-Benign-062.png,Benign,0,56
ARIA_Benign_WBC-Benign-063.png,Benign,0,57
ARIA_Benign_WBC-Benign-064.png,Benign,0,58
ARIA_Benign_WBC-Benign-065.png,Benign,0,59
ARIA_Benign_WBC-Benign-066.png,Benign,0,60
ARIA_Benign_WBC-Benign-067.png,Benign,0,61
ARIA_Benign_WBC-Benign-068.png,Benign,0,62
ARIA_Benign_WBC-Benign-069.png,Benign,0,63
ARIA_Benign_WBC-Benign-070.png,Benign,0,64
ARIA_Benign_WBC-Benign-071.png,Benign,0,65
ARIA_Benign_WBC-Benign-072.png,Benign,0,63
ARIA_Benign_WBC-Benign-073.png,Benign,0,66
ARIA_Benign_WBC-Benign-074.png,Benign,0,67
ARIA_Benign_WBC-Benign-075.png,Benign,0,68
ARIA_Benign_WBC-Benign-076.png,Benign,0,69
ARIA_Benign_WBC-Benign-077.png,Benign,0,70
ARIA_Benign_WBC-Benign-078.png,Benign,0,67
ARIA_Benign_WBC-Benign-079.png,Benign,0,68
ARIA_Benign_WBC-Benign-080.png,Benign,0,71
ARIA_Benign_WBC-Benign-081.png,Benign,0,72
ARIA_Benign_WBC-Benign-082.png,Benign,0,73
ARIA_Benign_WBC-Benign-083.png,Benign,0,74
ARIA_Benign_WBC-Benign-084.png,Benign,0,75
ARIA_Benign_WBC-Benign-085.png,Benign,0,76
ARIA_Benign_WBC-Benign-086.png,Benign,0,77
ARIA_Benign_WBC-Benign-087.png,Benign,0,74
ARIA_Benign_WBC-Benign-088.png,Benign,0,78
ARIA_Benign_WBC-Benign-089.png,Benign,0,77
ARIA_Benign_WBC-Benign-090.png,Benign,0,79
ARIA_Benign_WBC-Benign-091.png,Benign,0,80
ARIA_Benign_WBC-Benign-092.png,Benign,0,81
ARIA_Benign_WBC-Benign-093.png,Benign,0,82
ARIA_Benign_WBC-Benign-094.png,Benign,0,83
ARIA_Benign_WBC-Benign-095.png,Benign,0,84
ARIA_Benign_WBC-Benign-096.png,Benign,0,85
ARIA_Benign_WBC-Benign-097.png,Benign,0,86
ARIA_Benign_WBC-Benign-098.png,Benign,0,87
ARIA_Benign_WBC-Benign-099.png,Benign,0,88
ARIA_Benign_WBC-Benign-100.png,Benign,0,89
ARIA_Benign_WBC-Benign-101.png,Benign,0,90
ARIA_Benign_WBC-Benign-102.png,Benign,0,87
ARIA_Benign_WBC-Benign-103.png,Benign,0,91
ARIA_Benign_WBC-Benign-104.png,Benign,0,92
ARIA_Benign_WBC-Benign-105.png,Benign,0,93
ARIA_Benign_WBC-Benign-106.png,Benign,0,94
ARIA_Benign_WBC-Benign-107.png,Benign,0,95
ARIA_Benign_WBC-Benign-108.png,Benign,0,96
ARIA_Benign_WBC-Benign-109.png,Benign,0,97
ARIA_Benign_WBC-Benign-110.png,Benign,0,98
ARIA_Benign_WBC-Benign-111.png,Benign,0,99
ARIA_Benign_WBC-Benign-112.png,Benign,0,100
ARIA_Benign_WBC-Benign-113.png,Benign,0,97
ARIA_Benign_WBC-Benign-114.png,Benign,0,101
ARIA_Benign_WBC-Benign-115.png,Benign,0,102
ARIA_Benign_WBC-Benign-116.png,Benign,0,103
ARIA_Benign_WBC-Benign-117.png,Benign,0,101
ARIA_Benign_WBC-Benign-118.png,Benign,0,104
ARIA_Benign_WBC-Benign-119.png,Benign,0,105
ARIA_Benign_WBC-Benign-120.png,Benign,0,106
ARIA_Benign_WBC-Benign-121.png,Benign,0,107
ARIA_Benign_WBC-Benign-122.png,Benign,0,108
ARIA_Benign_WBC-Benign-123.png,Benign,0,109
ARIA_Benign_WBC-Benign-124.png,Benign,0,106
ARIA_Benign_WBC-Benign-125.png,Benign,0,110
ARIA_Benign_WBC-Benign-126.png,Benign,0,111
ARIA_Benign_WBC-Benign-127.png,Benign,0,112
ARIA_Benign_WBC-Benign-128.png,Benign,0,113
ARIA_Benign_WBC-Benign-129.png,Benign,0,114
ARIA_Benign_WBC-Benign-130.png,Benign,0,115
ARIA_Benign_WBC-Benign-131.png,Benign,0,116
ARIA_Benign_WBC-Benign-132.png,Benign,0,117
ARIA_Benign_WBC-Benign-133.png,Benign,0,118
ARIA_Benign_WBC-Benign-134.png,Benign,0,119
ARIA_Benign_WBC-Benign-135.png,Benign,0,120
ARIA_Benign_WBC-Benign-136.png,Benign,0,117
ARIA_Benign_WBC-Benign-137.png,Benign,0,121
ARIA_Benign_WBC-Benign-138.png,Benign,0,122
ARIA_Benign_WBC-Benign-139.png,Benign,0,123
ARIA_Benign_WBC-Benign-140.png,Benign,0,124
ARIA_Benign_WBC-Benign-141.png,Benign,0,125
ARIA_Benign_WBC-Benign-142.png,Benign,0,126
ARIA_Benign_WBC-Benign-143.png,Benign,0,127
ARIA_Benign_WBC-Benign-144.png,Benign,0,128
ARIA_Benign_WBC-Benign-145.png,Benign,0,125
ARIA_Benign_WBC-Benign-146.png,Benign,0,129
ARIA_Benign_WBC-Benign-147.png,Benign,0,130
ARIA_Benign_WBC-Benign-148.png,Benign,0,131
ARIA_Benign_WBC-Benign-149.png,Benign,0,132
ARIA_Benign_WBC-Benign-150.png,Benign,0,133
ARIA_Benign_WBC-Benign-151.png,Benign,0,134
ARIA_Benign_WBC-Benign-152.png,Benign,0,135
ARIA_Benign_WBC-Benign-153.png,Benign,0,136
ARIA_Benign_WBC-Benign-154.png,Benign,0,137
ARIA_Benign_WBC-Benign-155.png,Benign,0,138
ARIA_Benign_WBC-Benign-156.png,Benign,0,139
ARIA_Benign_WBC-Benign-157.png,Benign,0,140
ARIA_Benign_WBC-Benign-158.png,Benign,0,141
ARIA_Benign_WBC-Benign-159.png,Benign,0,142
ARIA_Benign_WBC-Benign-160.png,Benign,0,140
ARIA_Benign_WBC-Benign-161.png,Benign,0,143
ARIA_Benign_WBC-Benign-162.png,Benign,0,144
ARIA_Benign_WBC-Benign-163.png,Benign,0,145
ARIA_Benign_WBC-Benign-164.png,Benign,0,146
ARIA_Benign_WBC-Benign-165.png,Benign,0,147
ARIA_Benign_WBC-Benign-166.png,Benign,0,148
ARIA_Benign_WBC-Benign-167.png,Benign,0,149
ARIA_Benign_WBC-Benign-168.png,Benign,0,147
ARIA_Benign_WBC-Benign-169.png,Benign,0,150
ARIA_Benign_WBC-Benign-170.png,Benign,0,151
ARIA_Benign_WBC-Benign-171.png,Benign,0,144
ARIA_Benign_WBC-Benign-172.png,Benign,0,152
ARIA_Benign_WBC-Benign-173.png,Benign,0,153
ARIA_Benign_WBC-Benign-174.png,Benign,0,154
ARIA_Benign_WBC-Benign-175.png,Benign,0,152
ARIA_Benign_WBC-Benign-176.png,Benign,0,153
ARIA_Benign_WBC-Benign-177.png,Benign,0,155
ARIA_Benign_WBC-Benign-178.png,Benign,0,156
ARIA_Benign_WBC-Benign-179.png,Benign,0,157
ARIA_Benign_WBC-Benign-180.png,Benign,0,158
ARIA_Benign_WBC-Benign-181.png,Benign,0,159
ARIA_Benign_WBC-Benign-182.png,Benign,0,160
ARIA_Benign_WBC-Benign-183.png,Benign,0,161
ARIA_Benign_WBC-Benign-184.png,Benign,0,159
ARIA_Benign_WBC-Benign-185.png,Benign,0,162
ARIA_Benign_WBC-Benign-186.png,Benign,0,163
ARIA_Benign_WBC-Benign-187.png,Benign,0,164
ARIA_Benign_WBC-Benign-188.png,Benign,0,165
ARIA_Benign_WBC-Benign-189.png,Benign,0,166
ARIA_Benign_WBC-Benign-190.png,Benign,0,167
ARIA_Benign_WBC-Benign-191.png,Benign,0,168
ARIA_Benign_WBC-Benign-192.png,Benign,0,169
ARIA_Benign_WBC-Benign-193.png,Benign,0,170
ARIA_Benign_WBC-Benign-194.png,Benign,0,171
ARIA_Benign_WBC-Benign-195.png,Benign,0,172
ARIA_Benign_WBC-Benign-196.png,Benign,0,173
ARIA_Benign_WBC-Benign-197.png,Benign,0,19
ARIA_Benign_WBC-Benign-198.png,Benign,0,174
ARIA_Benign_WBC-Benign-199.png,Benign,0,175
ARIA_Benign_WBC-Benign-200.png,Benign,0,176
ARIA_Benign_WBC-Benign-201.png,Benign,0,177
ARIA_Benign_WBC-Benign-202.png,Benign,0,178
ARIA_Benign_WBC-Benign-203.png,Benign,0,179
ARIA_Benign_WBC-Benign-204.png,Benign,0,177
ARIA_Benign_WBC-Benign-205.png,Benign,0,180
ARIA_Benign_WBC-Benign-206.png,Benign,0,181
ARIA_Benign_WBC-Benign-207.png,Benign,0,182
ARIA_Benign_WBC-Benign-208.png,Benign,0,183
ARIA_Benign_WBC-Benign-209.png,Benign,0,184
ARIA_Benign_WBC-Benign-210.png,Benign,0,185
ARIA_Benign_WBC-Benign-211.png,Benign,0,186
ARIA_Benign_WBC-Benign-212.png,Benign,0,187
ARIA_Benign_WBC-Benign-213.png,Benign,0,188
ARIA_Benign_WBC-Benign-214.png,Benign,0,189
ARIA_Benign_WBC-Benign-215.png,Benign,0,190
ARIA_Benign_WBC-Benign-216.png,Benign,0,191
ARIA_Benign_WBC-Benign-217.png,Benign,0,192
ARIA_Benign_WBC-Benign-218.png,Benign,0,193
ARIA_Benign_WBC-Benign-219.png,Benign,0,194
ARIA_Benign_WBC-Benign-220.png,Benign,0,195
ARIA_Benign_WBC-Benign-221.png,Benign,0,196
ARIA_Benign_WBC-Benign-222.png,Benign,0,197
ARIA_Benign_WBC-Benign-223.png,Benign,0,198
ARIA_Benign_WBC-Benign-224.png,Benign,0,199
ARIA_Benign_WBC-Benign-225.png,Benign,0,200
ARIA_Benign_WBC-Benign-226.png,Benign,0,201
ARIA_Benign_WBC-Benign-227.png,Benign,0,202
ARIA_Benign_WBC-Benign-228.png,Benign,0,203
ARIA_Benign_WBC-Benign-229.png,Benign,0,204
ARIA_Benign_WBC-Benign-230.png,Benign,0,205
ARIA_Benign_WBC-Benign-231.png,Benign,0,206
ARIA_Benign_WBC-Benign-232.png,Benign,0,207
ARIA_Benign_WBC-Benign-233.png,Benign,0,208
ARIA_Benign_WBC-Benign-234.png,Benign,0,209
ARIA_Benign_WBC-Benign-235.png,Benign,0,210
ARIA_Benign_WBC-Benign-236.png,Benign,0,211
ARIA_Benign_WBC-Benign-237.png,Benign,0,212
ARIA_Benign_WBC-Benign-238.png,Benign,0,213
ARIA_Benign_WBC-Benign-239.png,Benign,0,214
ARIA_Benign_WBC-Benign-240.png,Benign,0,215
ARIA_Benign_WBC-Benign-241.png,Benign,0,213
ARIA_Benign_WBC-Benign-242.png,Benign,0,216
ARIA_Benign_WBC-Benign-243.png,Benign,0,217
ARIA_Benign_WBC-Benign-244.png,Benign,0,218
ARIA_Benign_WBC-Benign-245.png,Benign,0,219
ARIA_Benign_WBC-Benign-246.png,Benign,0,220
ARIA_Benign_WBC-Benign-247.png,Benign,0,221
ARIA_Benign_WBC-Benign-248.png,Benign,0,222
ARIA_Benign_WBC-Benign-249.png,Benign,0,223
ARIA_Benign_WBC-Benign-250.png,Benign,0,224
ARIA_Benign_WBC-Benign-251.png,Benign,0,225
ARIA_Benign_WBC-Benign-252.png,Benign,0,223
ARIA_Benign_WBC-Benign-253.png,Benign,0,226
ARIA_Benign_WBC-Benign-254.png,Benign,0,227
ARIA_Benign_WBC-Benign-255.png,Benign,0,228
ARIA_Benign_WBC-Benign-256.png,Benign,0,229
ARIA_Benign_WBC-Benign-257.png,Benign,0,230
ARIA_Benign_WBC-Benign-258.png,Benign,0,231
ARIA_Benign_WBC-Benign-259.png,Benign,0,232
ARIA_Benign_WBC-Benign-260.png,Benign,0,233
ARIA_Benign_WBC-Benign-261.png,Benign,0,231
ARIA_Benign_WBC-Benign-262.png,Benign,0,234
ARIA_Benign_WBC-Benign-263.png,Benign,0,235
ARIA_Benign_WBC-Benign-264.png,Benign,0,236
ARIA_Benign_WBC-Benign-265.png,Benign,0,237
ARIA_Benign_WBC-Benign-266.png,Benign,0,238
ARIA_Benign_WBC-Benign-267.png,Benign,0,239
ARIA_Benign_WBC-Benign-268.png,Benign,0,237
ARIA_Benign_WBC-Benign-269.png,Benign,0,240
ARIA_Benign_WBC-Benign-270.png,Benign,0,241
ARIA_Benign_WBC-Benign-271.png,Benign,0,242
ARIA_Benign_WBC-Benign-272.png,Benign,0,243
ARIA_Benign_WBC-Benign-273.png,Benign,0,244
ARIA_Benign_WBC-Benign-274.png,Benign,0,245
ARIA_Benign_WBC-Benign-275.png,Benign,0,246
ARIA_Benign_WBC-Benign-276.png,Benign,0,247
ARIA_Benign_WBC-Benign-277.png,Benign,0,248
ARIA_Benign_WBC-Benign-278.png,Benign,0,249
ARIA_Benign_WBC-Benign-279.png,Benign,0,250
ARIA_Benign_WBC-Benign-280.png,Benign,0,251
ARIA_Benign_WBC-Benign-281.png,Benign,0,252
ARIA_Benign_WBC-Benign-282.png,Benign,0,253
ARIA_Benign_WBC-Benign-283.png,Benign,0,254
ARIA_Benign_WBC-Benign-284.png,Benign,0,252
ARIA_Benign_WBC-Benign-285.png,Benign,0,255
ARIA_Benign_WBC-Benign-286.png,Benign,0,256
ARIA_Benign_WBC-Benign-287.png,Benign,0,257
ARIA_Benign_WBC-Benign-288.png,Benign,0,255
ARIA_Benign_WBC-Benign-289.png,Benign,0,258
ARIA_Benign_WBC-Benign-290.png,Benign,0,259
ARIA_Benign_WBC-Benign-291.png,Benign,0,260
ARIA_Benign_WBC-Benign-292.png,Benign,0,261
ARIA_Benign_WBC-Benign-293.png,Benign,0,259
ARIA_Benign_WBC-Benign-294.png,Benign,0,260
ARIA_Benign_WBC-Benign-295.png,Benign,0,262
ARIA_Benign_WBC-Benign-296.png,Benign,0,263
ARIA_Benign_WBC-Benign-297.png,Benign,0,264
ARIA_Benign_WBC-Benign-298.png,Benign,0,265
ARIA_Benign_WBC-Benign-299.png,Benign,0,266
ARIA_Benign_WBC-Benign-300.png,Benign,0,255
ARIA_Benign_WBC-Benign-301.png,Benign,0,267
ARIA_Benign_WBC-Benign-302.png,Benign,0,268
ARIA_Benign_WBC-Benign-303.png,Benign,0,269
ARIA_Benign_WBC-Benign-304.png,Benign,0,267
ARIA_Benign_WBC-Benign-305.png,Benign,0,270
ARIA_Benign_WBC-Benign-306.png,Benign,0,271
ARIA_Benign_WBC-Benign-307.png,Benign,0,272
ARIA_Benign_WBC-Benign-308.png,Benign,0,273
ARIA_Benign_WBC-Benign-309.png,Benign,0,274
ARIA_Benign_WBC-Benign-310.png,Benign,0,275
ARIA_Benign_WBC-Benign-311.png,Benign,0,276
ARIA_Benign_WBC-Benign-312.png,Benign,0,277
ARIA_Benign_WBC-Benign-313.png,Benign,0,278
ARIA_Benign_WBC-Benign-314.png,Benign,0,279
ARIA_Benign_WBC-Benign-315.png,Benign,0,280
ARIA_Benign_WBC-Benign-316.png,Benign,0,281
ARIA_Benign_WBC-Benign-317.png,Benign,0,274
ARIA_Benign_WBC-Benign-318.png,Benign,0,281
ARIA_Benign_WBC-Benign-319.png,Benign,0,282
ARIA_Benign_WBC-Benign-320.png,Benign,0,283
ARIA_Benign_WBC-Benign-321.png,Benign,0,284
ARIA_Benign_WBC-Benign-322.png,Benign,0,285
ARIA_Benign_WBC-Benign-323.png,Benign,0,271
ARIA_Benign_WBC-Benign-324.png,Benign,0,286
ARIA_Benign_WBC-Benign-325.png,Benign,0,287
ARIA_Benign_WBC-Benign-326.png,Benign,0,269
ARIA_Benign_WBC-Benign-327.png,Benign,0,288
ARIA_Benign_WBC-Benign-328.png,Benign,0,287
ARIA_Benign_WBC-Benign-329.png,Benign,0,289
ARIA_Benign_WBC-Benign-330.png,Benign,0,290
ARIA_Benign_WBC-Benign-331.png,Benign,0,291
ARIA_Benign_WBC-Benign-332.png,Benign,0,260
ARIA_Benign_WBC-Benign-333.png,Benign,0,292
ARIA_Benign_WBC-Benign-334.png,Benign,0,293
ARIA_Benign_WBC-Benign-335.png,Benign,0,294
ARIA_Benign_WBC-Benign-336.png,Benign,0,295
ARIA_Benign_WBC-Benign-337.png,Benign,0,296
ARIA_Benign_WBC-Benign-338.png,Benign,0,255
ARIA_Benign_WBC-Benign-339.png,Benign,0,297
ARIA_Benign_WBC-Benign-340.png,Benign,0,298
ARIA_Benign_WBC-Benign-341.png,Benign,0,299
ARIA_Benign_WBC-Benign-342.png,Benign,0,300
ARIA_Benign_WBC-Benign-343.png,Benign,0,298
ARIA_Benign_WBC-Benign-344.png,Benign,0,301
ARIA_Benign_WBC-Benign-345.png,Benign,0,302
ARIA_Benign_WBC-Benign-346.png,Benign,0,303
ARIA_Benign_WBC-Benign-347.png,Benign,0,301
ARIA_Benign_WBC-Benign-348.png,Benign,0,304
ARIA_Benign_WBC-Benign-349.png,Benign,0,305
ARIA_Benign_WBC-Benign-350.png,Benign,0,306
ARIA_Benign_WBC-Benign-351.png,Benign,0,307
ARIA_Benign_WBC-Benign-352.png,Benign,0,308
ARIA_Benign_WBC-Benign-353.png,Benign,0,309
ARIA_Benign_WBC-Benign-354.png,Benign,0,307
ARIA_Benign_WBC-Benign-355.png,Benign,0,310
ARIA_Benign_WBC-Benign-356.png,Benign,0,311
ARIA_Benign_WBC-Benign-357.png,Benign,0,312
ARIA_Benign_WBC-Benign-358.png,Benign,0,313
ARIA_Benign_WBC-Benign-359.png,Benign,0,314
ARIA_Benign_WBC-Benign-360.png,Benign,0,315
ARIA_Benign_WBC-Benign-361.png,Benign,0,316
ARIA_Benign_WBC-Benign-362.png,Benign,0,317
ARIA_Benign_WBC-Benign-363.png,Benign,0,318
ARIA_Benign_WBC-Benign-364.png,Benign,0,316
ARIA_Benign_WBC-Benign-365.png,Benign,0,319
ARIA_Benign_WBC-Benign-366.png,Benign,0,320
ARIA_Benign_WBC-Benign-367.png,Benign,0,321
ARIA_Benign_WBC-Benign-368.png,Benign,0,319
ARIA_Benign_WBC-Benign-369.png,Benign,0,320
ARIA_Benign_WBC-Benign-370.png,Benign,0,321
ARIA_Benign_WBC-Benign-371.png,Benign,0,322
ARIA_Benign_WBC-Benign-372.png,Benign,0,323
ARIA_Benign_WBC-Benign-373.png,Benign,0,324
ARIA_Benign_WBC-Benign-374.png,Benign,0,325
ARIA_Benign_WBC-Benign-375.png,Benign,0,326
ARIA_Benign_WBC-Benign-376.png,Benign,0,327
ARIA_Benign_WBC-Benign-377.png,Benign,0,328
ARIA_Benign_WBC-Benign-378.png,Benign,0,329
ARIA_Benign_WBC-Benign-379.png,Benign,0,330
ARIA_Benign_WBC-Benign-380.png,Benign,0,331
ARIA_Benign_WBC-Benign-381.png,Benign,0,329
ARIA_Benign_WBC-Benign-382.png,Benign,0,330
ARIA_Benign_WBC-Benign-383.png,Benign,0,332
ARIA_Benign_WBC-Benign-384.png,Benign,0,329
ARIA_Benign_WBC-Benign-385.png,Benign,0,330
ARIA_Benign_WBC-Benign-386.png,Benign,0,333
ARIA_Benign_WBC-Benign-387.png,Benign,0,334
ARIA_Benign_WBC-Benign-388.png,Benign,0,335
ARIA_Benign_WBC-Benign-389.png,Benign,0,336
ARIA_Benign_WBC-Benign-390.png,Benign,0,337
ARIA_Benign_WBC-Benign-391.png,Benign,0,338
ARIA_Benign_WBC-Benign-392.png,Benign,0,339
ARIA_Benign_WBC-Benign-393.png,Benign,0,340
ARIA_Benign_WBC-Benign-394.png,Benign,0,338
ARIA_Benign_WBC-Benign-395.png,Benign,0,341
ARIA_Benign_WBC-Benign-396.png,Benign,0,342
ARIA_Benign_WBC-Benign-397.png,Benign,0,343
ARIA_Benign_WBC-Benign-398.png,Benign,0,344
ARIA_Benign_WBC-Benign-399.png,Benign,0,345
ARIA_Benign_WBC-Benign-400.png,Benign,0,346
ARIA_Benign_WBC-Benign-401.png,Benign,0,347
ARIA_Benign_WBC-Benign-402.png,Benign,0,348
ARIA_Benign_WBC-Benign-403.png,Benign,0,349
ARIA_Benign_WBC-Benign-404.png,Benign,0,350
ARIA_Benign_WBC-Benign-405.png,Benign,0,351
ARIA_Benign_WBC-Benign-406.png,Benign,0,352
ARIA_Benign_WBC-Benign-407.png,Benign,0,353
ARIA_Benign_WBC-Benign-408.png,Benign,0,354
ARIA_Benign_WBC-Benign-409.png,Benign,0,355
ARIA_Benign_WBC-Benign-410.png,Benign,0,353
ARIA_Benign_WBC-Benign-411.png,Benign,0,354
ARIA_Benign_WBC-Benign-412.png,Benign,0,356
ARIA_Benign_WBC-Benign-413.png,Benign,0,357
ARIA_Benign_WBC-Benign-414.png,Benign,0,358
ARIA_Benign_WBC-Benign-415.png,Benign,0,359
ARIA_Benign_WBC-Benign-416.png,Benign,0,360
ARIA_Benign_WBC-Benign-417.png,Benign,0,361
ARIA_Benign_WBC-Benign-418.png,Benign,0,362
ARIA_Benign_WBC-Benign-419.png,Benign,0,363
ARIA_Benign_WBC-Benign-420.png,Benign,0,364
ARIA_Benign_WBC-Benign-421.png,Benign,0,365
ARIA_Benign_WBC-Benign-422.png,Benign,0,366
ARIA_Benign_WBC-Benign-423.png,Benign,0,367
ARIA_Benign_WBC-Benign-424.png,Benign,0,368
ARIA_Benign_WBC-Benign-425.png,Benign,0,369
ARIA_Benign_WBC-Benign-426.png,Benign,0,370
ARIA_Benign_WBC-Benign-427.png,Benign,0,371
ARIA_Benign_WBC-Benign-428.png,Benign,0,372
ARIA_Benign_WBC-Benign-429.png,Benign,0,373
ARIA_Benign_WBC-Benign-430.png,Benign,0,374
ARIA_Benign_WBC-Benign-431.png,Benign,0,375
ARIA_Benign_WBC-Benign-432.png,Benign,0,376
ARIA_Benign_WBC-Benign-433.png,Benign,0,377
ARIA_Benign_WBC-Benign-434.png,Benign,0,378
ARIA_Benign_WBC-Benign-435.png,Benign,0,379
ARIA_Benign_WBC-Benign-436.png,Benign,0,380
ARIA_Benign_WBC-Benign-437.png,Benign,0,381
ARIA_Benign_WBC-Benign-438.png,Benign,0,382
ARIA_Benign_WBC-Benign-439.png,Benign,0,383
ARIA_Benign_WBC-Benign-440.png,Benign,0,384
ARIA_Benign_WBC-Benign-441.png,Benign,0,385
ARIA_Benign_WBC-Benign-442.png,Benign,0,386
ARIA_Benign_WBC-Benign-443.png,Benign,0,387
ARIA_Benign_WBC-Benign-444.png,Benign,0,388
ARIA_Benign_WBC-Benign-445.png,Benign,0,389
ARIA_Benign_WBC-Benign-446.png,Benign,0,388
ARIA_Benign_WBC-Benign-447.png,Benign,0,390
ARIA_Benign_WBC-Benign-448.png,Benign,0,388
ARIA_Benign_WBC-Benign-449.png,Benign,0,391
ARIA_Benign_WBC-Benign-450.png,Benign,0,392
ARIA_Benign_WBC-Benign-451.png,Benign,0,393
ARIA_Benign_WBC-Benign-452.png,Benign,0,394
ARIA_Benign_WBC-Benign-453.png,Benign,0,395
ARIA_Benign_WBC-Benign-454.png,Benign,0,396
ARIA_Benign_WBC-Benign-455.png,Benign,0,397
ARIA_Benign_WBC-Benign-456.png,Benign,0,398
ARIA_Benign_WBC-Benign-457.png,Benign,0,399
ARIA_Benign_WBC-Benign-458.png,Benign,0,400
ARIA_Benign_WBC-Benign-459.png,Benign,0,401
ARIA_Benign_WBC-Benign-460.png,Benign,0,402
ARIA_Benign_WBC-Benign-461.png,Benign,0,403
ARIA_Benign_WBC-Benign-462.png,Benign,0,331
ARIA_Benign_WBC-Benign-463.png,Benign,0,404
ARIA_Benign_WBC-Benign-464.png,Benign,0,405
ARIA_Benign_WBC-Benign-465.png,Benign,0,406
ARIA_Benign_WBC-Benign-466.png,Benign,0,121
ARIA_Benign_WBC-Benign-467.png,Benign,0,407
ARIA_Benign_WBC-Benign-468.png,Benign,0,407
ARIA_Benign_WBC-Benign-469.png,Benign,0,121
ARIA_Benign_WBC-Benign-470.png,Benign,0,121
ARIA_Benign_WBC-Benign-471.png,Benign,0,121
ARIA_Benign_WBC-Benign-472.png,Benign,0,408
ARIA_Benign_WBC-Benign-473.png,Benign,0,409
ARIA_Benign_WBC-Benign-474.png,Benign,0,410
ARIA_Benign_WBC-Benign-475.png,Benign,0,411
ARIA_Benign_WBC-Benign-476.png,Benign,0,411
ARIA_Benign_WBC-Benign-477.png,Benign,0,412
ARIA_Benign_WBC-Benign-478.png,Benign,0,413
ARIA_Benign_WBC-Benign-479.png,Benign,0,414
ARIA_Benign_WBC-Benign-480.png,Benign,0,415
ARIA_Benign_WBC-Benign-481.png,Benign,0,415
ARIA_Benign_WBC-Benign-482.png,Benign,0,416
ARIA_Benign_WBC-Benign-483.png,Benign,0,416
ARIA_Benign_WBC-Benign-484.png,Benign,0,417
ARIA_Benign_WBC-Benign-485.png,Benign,0,418
ARIA_Benign_WBC-Benign-486.png,Benign,0,419
ARIA_Benign_WBC-Benign-487.png,Benign,0,420
ARIA_Benign_WBC-Benign-488.png,Benign,0,421
ARIA_Benign_WBC-Benign-489.png,Benign,0,422
ARIA_Benign_WBC-Benign-490.png,Benign,0,423
ARIA_Benign_WBC-Benign-491.png,Benign,0,424
ARIA_Benign_WBC-Benign-492.png,Benign,0,425
ARIA_Benign_WBC-Benign-493.png,Benign,0,425
ARIA_Benign_WBC-Benign-494.png,Benign,0,426
ARIA_Benign_WBC-Benign-495.png,Benign,0,427
ARIA_Benign_WBC-Benign-496.png,Benign,0,428
ARIA_Benign_WBC-Benign-497.png,Benign,0,429
ARIA_Benign_WBC-Benign-498.png,Benign,0,430
ARIA_Benign_WBC-Benign-499.png,Benign,0,431
ARIA_Benign_WBC-Benign-500.png,Benign,0,432
ARIA_Benign_WBC-Benign-501.png,Benign,0,432
ARIA_Benign_WBC-Benign-502.png,Benign,0,433
ARIA_Benign_WBC-Benign-503.png,Benign,0,433
ARIA_Benign_WBC-Benign-504.png,Benign,0,434
ARIA_Early_WBC-Malignant-Early-001.png,Early,1,435
ARIA_Early_WBC-Malignant-Early-002.png,Early,1,436
ARIA_Early_WBC-Malignant-Early-003.png,Early,1,437
ARIA_Early_WBC-Malignant-Early-004.png,Early,1,438
ARIA_Early_WBC-Malignant-Early-005.png,Early,1,439
ARIA_Early_WBC-Malignant-Early-006.png,Early,1,440
ARIA_Early_WBC-Malignant-Early-007.png,Early,1,441
ARIA_Early_WBC-Malignant-Early-008.png,Early,1,442
ARIA_Early_WBC-Malignant-Early-009.png,Early,1,443
ARIA_Early_WBC-Malignant-Early-010.png,Early,1,444
ARIA_Early_WBC-Malignant-Early-011.png,Early,1,445
ARIA_Early_WBC-Malignant-Early-012.png,Early,1,445
ARIA_Early_WBC-Malignant-Early-013.png,Early,1,446
ARIA_Early_WBC-Malignant-Early-014.png,Early,1,447
ARIA_Early_WBC-Malignant-Early-015.png,Early,1,448
ARIA_Early_WBC-Malignant-Early-016.png,Early,1,448
ARIA_Early_WBC-Malignant-Early-017.png,Early,1,449
ARIA_Early_WBC-Malignant-Early-018.png,Early,1,449
ARIA_Early_WBC-Malignant-Early-019.png,Early,1,450
ARIA_Early_WBC-Malignant-Early-020.png,Early,1,450
ARIA_Early_WBC-Malignant-Early-021.png,Early,1,450
ARIA_Early_WBC-Malignant-Early-022.png,Early,1,451
ARIA_Early_WBC-Malignant-Early-023.png,Early,1,452
ARIA_Early_WBC-Malignant-Early-024.png,Early,1,453
ARIA_Early_WBC-Malignant-Early-025.png,Early,1,454
ARIA_Early_WBC-Malignant-Early-026.png,Early,1,455
ARIA_Early_WBC-Malignant-Early-027.png,Early,1,456
ARIA_Early_WBC-Malignant-Early-028.png,Early,1,457
ARIA_Early_WBC-Malignant-Early-029.png,Early,1,457
ARIA_Early_WBC-Malignant-Early-030.png,Early,1,458
ARIA_Early_WBC-Malignant-Early-031.png,Early,1,459
ARIA_Early_WBC-Malignant-Early-032.png,Early,1,460
ARIA_Early_WBC-Malignant-Early-033.png,Early,1,460
ARIA_Early_WBC-Malignant-Early-034.png,Early,1,461
ARIA_Early_WBC-Malignant-Early-035.png,Early,1,462
ARIA_Early_WBC-Malignant-Early-036.png,Early,1,463
ARIA_Early_WBC-Malignant-Early-037.png,Early,1,464
ARIA_Early_WBC-Malignant-Early-038.png,Early,1,465
ARIA_Early_WBC-Malignant-Early-039.png,Early,1,466
ARIA_Early_WBC-Malignant-Early-040.png,Early,1,467
ARIA_Early_WBC-Malignant-Early-041.png,Early,1,467
ARIA_Early_WBC-Malignant-Early-042.png,Early,1,468
ARIA_Early_WBC-Malignant-Early-043.png,Early,1,469
ARIA_Early_WBC-Malignant-Early-044.png,Early,1,470
ARIA_Early_WBC-Malignant-Early-045.png,Early,1,471
ARIA_Early_WBC-Malignant-Early-046.png,Early,1,472
ARIA_Early_WBC-Malignant-Early-047.png,Early,1,473
ARIA_Early_WBC-Malignant-Early-048.png,Early,1,473
ARIA_Early_WBC-Malignant-Early-049.png,Early,1,474
ARIA_Early_WBC-Malignant-Early-050.png,Early,1,475
ARIA_Early_WBC-Malignant-Early-051.png,Early,1,476
ARIA_Early_WBC-Malignant-Early-052.png,Early,1,477
ARIA_Early_WBC-Malignant-Early-053.png,Early,1,477
ARIA_Early_WBC-Malignant-Early-054.png,Early,1,478
ARIA_Early_WBC-Malignant-Early-055.png,Early,1,478
ARIA_Early_WBC-Malignant-Early-056.png,Early,1,479
ARIA_Early_WBC-Malignant-Early-057.png,Early,1,480
ARIA_Early_WBC-Malignant-Early-058.png,Early,1,481
ARIA_Early_WBC-Malignant-Early-059.png,Early,1,482
ARIA_Early_WBC-Malignant-Early-060.png,Early,1,483
ARIA_Early_WBC-Malignant-Early-061.png,Early,1,484
ARIA_Early_WBC-Malignant-Early-062.png,Early,1,485
ARIA_Early_WBC-Malignant-Early-063.png,Early,1,486
ARIA_Early_WBC-Malignant-Early-064.png,Early,1,435
ARIA_Early_WBC-Malignant-Early-065.png,Early,1,487
ARIA_Early_WBC-Malignant-Early-066.png,Early,1,488
ARIA_Early_WBC-Malignant-Early-067.png,Early,1,489
ARIA_Early_WBC-Malignant-Early-068.png,Early,1,490
ARIA_Early_WBC-Malignant-Early-069.png,Early,1,491
ARIA_Early_WBC-Malignant-Early-070.png,Early,1,492
ARIA_Early_WBC-Malignant-Early-071.png,Early,1,492
ARIA_Early_WBC-Malignant-Early-072.png,Early,1,493
ARIA_Early_WBC-Malignant-Early-073.png,Early,1,494
ARIA_Early_WBC-Malignant-Early-074.png,Early,1,495
ARIA_Early_WBC-Malignant-Early-075.png,Early,1,496
ARIA_Early_WBC-Malignant-Early-076.png,Early,1,497
ARIA_Early_WBC-Malignant-Early-077.png,Early,1,498
ARIA_Early_WBC-Malignant-Early-078.png,Early,1,498
ARIA_Early_WBC-Malignant-Early-079.png,Early,1,499
ARIA_Early_WBC-Malignant-Early-080.png,Early,1,500
ARIA_Early_WBC-Malignant-Early-081.png,Early,1,501
ARIA_Early_WBC-Malignant-Early-082.png,Early,1,502
ARIA_Early_WBC-Malignant-Early-083.png,Early,1,503
ARIA_Early_WBC-Malignant-Early-084.png,Early,1,504
ARIA_Early_WBC-Malignant-Early-085.png,Early,1,505
ARIA_Early_WBC-Malignant-Early-086.png,Early,1,496
ARIA_Early_WBC-Malignant-Early-087.png,Early,1,506
ARIA_Early_WBC-Malignant-Early-088.png,Early,1,507
ARIA_Early_WBC-Malignant-Early-089.png,Early,1,508
ARIA_Early_WBC-Malignant-Early-090.png,Early,1,509
ARIA_Early_WBC-Malignant-Early-091.png,Early,1,510
ARIA_Early_WBC-Malignant-Early-092.png,Early,1,511
ARIA_Early_WBC-Malignant-Early-093.png,Early,1,511
ARIA_Early_WBC-Malignant-Early-094.png,Early,1,512
ARIA_Early_WBC-Malignant-Early-095.png,Early,1,513
ARIA_Early_WBC-Malignant-Early-096.png,Early,1,514
ARIA_Early_WBC-Malignant-Early-097.png,Early,1,496
ARIA_Early_WBC-Malignant-Early-098.png,Early,1,514
ARIA_Early_WBC-Malignant-Early-099.png,Early,1,515
ARIA_Early_WBC-Malignant-Early-100.png,Early,1,516
ARIA_Early_WBC-Malignant-Early-101.png,Early,1,517
ARIA_Early_WBC-Malignant-Early-102.png,Early,1,517
ARIA_Early_WBC-Malignant-Early-103.png,Early,1,518
ARIA_Early_WBC-Malignant-Early-104.png,Early,1,519
ARIA_Early_WBC-Malignant-Early-105.png,Early,1,520
ARIA_Early_WBC-Malignant-Early-106.png,Early,1,521
ARIA_Early_WBC-Malignant-Early-107.png,Early,1,522
ARIA_Early_WBC-Malignant-Early-108.png,Early,1,523
ARIA_Early_WBC-Malignant-Early-109.png,Early,1,524
ARIA_Early_WBC-Malignant-Early-110.png,Early,1,525
ARIA_Early_WBC-Malignant-Early-111.png,Early,1,526
ARIA_Early_WBC-Malignant-Early-112.png,Early,1,527
ARIA_Early_WBC-Malignant-Early-113.png,Early,1,527
ARIA_Early_WBC-Malignant-Early-114.png,Early,1,527
ARIA_Early_WBC-Malignant-Early-115.png,Early,1,528
ARIA_Early_WBC-Malignant-Early-116.png,Early,1,529
ARIA_Early_WBC-Malignant-Early-117.png,Early,1,530
ARIA_Early_WBC-Malignant-Early-118.png,Early,1,531
ARIA_Early_WBC-Malignant-Early-119.png,Early,1,532
ARIA_Early_WBC-Malignant-Early-120.png,Early,1,533
ARIA_Early_WBC-Malignant-Early-121.png,Early,1,534
ARIA_Early_WBC-Malignant-Early-122.png,Early,1,535
ARIA_Early_WBC-Malignant-Early-123.png,Early,1,536
ARIA_Early_WBC-Malignant-Early-124.png,Early,1,537
ARIA_Early_WBC-Malignant-Early-125.png,Early,1,538
ARIA_Early_WBC-Malignant-Early-126.png,Early,1,539
ARIA_Early_WBC-Malignant-Early-127.png,Early,1,540
ARIA_Early_WBC-Malignant-Early-128.png,Early,1,541
ARIA_Early_WBC-Malignant-Early-129.png,Early,1,542
ARIA_Early_WBC-Malignant-Early-130.png,Early,1,543
ARIA_Early_WBC-Malignant-Early-131.png,Early,1,544
ARIA_Early_WBC-Malignant-Early-132.png,Early,1,545
ARIA_Early_WBC-Malignant-Early-133.png,Early,1,546
ARIA_Early_WBC-Malignant-Early-134.png,Early,1,547
ARIA_Early_WBC-Malignant-Early-135.png,Early,1,548
ARIA_Early_WBC-Malignant-Early-136.png,Early,1,549
ARIA_Early_WBC-Malignant-Early-137.png,Early,1,550
ARIA_Early_WBC-Malignant-Early-138.png,Early,1,551
ARIA_Early_WBC-Malignant-Early-139.png,Early,1,552
ARIA_Early_WBC-Malignant-Early-140.png,Early,1,553
ARIA_Early_WBC-Malignant-Early-141.png,Early,1,554
ARIA_Early_WBC-Malignant-Early-142.png,Early,1,555
ARIA_Early_WBC-Malignant-Early-143.png,Early,1,556
ARIA_Early_WBC-Malignant-Early-144.png,Early,1,557
ARIA_Early_WBC-Malignant-Early-145.png,Early,1,558
ARIA_Early_WBC-Malignant-Early-146.png,Early,1,559
ARIA_Early_WBC-Malignant-Early-147.png,Early,1,559
ARIA_Early_WBC-Malignant-Early-148.png,Early,1,560
ARIA_Early_WBC-Malignant-Early-149.png,Early,1,561
ARIA_Early_WBC-Malignant-Early-150.png,Early,1,562
ARIA_Early_WBC-Malignant-Early-151.png,Early,1,563
ARIA_Early_WBC-Malignant-Early-152.png,Early,1,563
ARIA_Early_WBC-Malignant-Early-153.png,Early,1,564
ARIA_Early_WBC-Malignant-Early-154.png,Early,1,565
ARIA_Early_WBC-Malignant-Early-155.png,Early,1,565
ARIA_Early_WBC-Malignant-Early-156.png,Early,1,566
ARIA_Early_WBC-Malignant-Early-157.png,Early,1,567
ARIA_Early_WBC-Malignant-Early-158.png,Early,1,565
ARIA_Early_WBC-Malignant-Early-159.png,Early,1,568
ARIA_Early_WBC-Malignant-Early-160.png,Early,1,569
ARIA_Early_WBC-Malignant-Early-161.png,Early,1,570
ARIA_Early_WBC-Malignant-Early-162.png,Early,1,571
ARIA_Early_WBC-Malignant-Early-163.png,Early,1,572
ARIA_Early_WBC-Malignant-Early-164.png,Early,1,572
ARIA_Early_WBC-Malignant-Early-165.png,Early,1,573
ARIA_Early_WBC-Malignant-Early-166.png,Early,1,573
ARIA_Early_WBC-Malignant-Early-167.png,Early,1,574
ARIA_Early_WBC-Malignant-Early-168.png,Early,1,574
ARIA_Early_WBC-Malignant-Early-169.png,Early,1,575
ARIA_Early_WBC-Malignant-Early-170.png,Early,1,575
ARIA_Early_WBC-Malignant-Early-171.png,Early,1,575
ARIA_Early_WBC-Malignant-Early-172.png,Early,1,562
ARIA_Early_WBC-Malignant-Early-173.png,Early,1,576
ARIA_Early_WBC-Malignant-Early-174.png,Early,1,577
ARIA_Early_WBC-Malignant-Early-175.png,Early,1,578
ARIA_Early_WBC-Malignant-Early-176.png,Early,1,579
ARIA_Early_WBC-Malignant-Early-177.png,Early,1,579
ARIA_Early_WBC-Malignant-Early-178.png,Early,1,580
ARIA_Early_WBC-Malignant-Early-179.png,Early,1,581
ARIA_Early_WBC-Malignant-Early-180.png,Early,1,582
ARIA_Early_WBC-Malignant-Early-181.png,Early,1,583
ARIA_Early_WBC-Malignant-Early-182.png,Early,1,480
ARIA_Early_WBC-Malignant-Early-183.png,Early,1,562
ARIA_Early_WBC-Malignant-Early-184.png,Early,1,480
ARIA_Early_WBC-Malignant-Early-185.png,Early,1,584
ARIA_Early_WBC-Malignant-Early-186.png,Early,1,585
ARIA_Early_WBC-Malignant-Early-187.png,Early,1,586
ARIA_Early_WBC-Malignant-Early-188.png,Early,1,587
ARIA_Early_WBC-Malignant-Early-189.png,Early,1,475
ARIA_Early_WBC-Malignant-Early-190.png,Early,1,588
ARIA_Early_WBC-Malignant-Early-191.png,Early,1,476
ARIA_Early_WBC-Malignant-Early-192.png,Early,1,477
ARIA_Early_WBC-Malignant-Early-193.png,Early,1,478
ARIA_Early_WBC-Malignant-Early-194.png,Early,1,562
ARIA_Early_WBC-Malignant-Early-195.png,Early,1,480
ARIA_Early_WBC-Malignant-Early-196.png,Early,1,480
ARIA_Early_WBC-Malignant-Early-197.png,Early,1,480
ARIA_Early_WBC-Malignant-Early-198.png,Early,1,589
ARIA_Early_WBC-Malignant-Early-199.png,Early,1,589
ARIA_Early_WBC-Malignant-Early-200.png,Early,1,589
ARIA_Early_WBC-Malignant-Early-201.png,Early,1,562
ARIA_Early_WBC-Malignant-Early-202.png,Early,1,562
ARIA_Early_WBC-Malignant-Early-203.png,Early,1,562
ARIA_Early_WBC-Malignant-Early-204.png,Early,1,562
ARIA_Early_WBC-Malignant-Early-205.png,Early,1,590
ARIA_Early_WBC-Malignant-Early-206.png,Early,1,562
ARIA_Early_WBC-Malignant-Early-207.png,Early,1,591
ARIA_Early_WBC-Malignant-Early-208.png,Early,1,592
ARIA_Early_WBC-Malignant-Early-209.png,Early,1,593
ARIA_Early_WBC-Malignant-Early-210.png,Early,1,594
ARIA_Early_WBC-Malignant-Early-211.png,Early,1,595
ARIA_Early_WBC-Malignant-Early-212.png,Early,1,596
ARIA_Early_WBC-Malignant-Early-213.png,Early,1,597
ARIA_Early_WBC-Malignant-Early-214.png,Early,1,598
ARIA_Early_WBC-Malignant-Early-215.png,Early,1,599
ARIA_Early_WBC-Malignant-Early-216.png,Early,1,600
ARIA_Early_WBC-Malignant-Early-217.png,Early,1,601
ARIA_Early_WBC-Malignant-Early-218.png,Early,1,602
ARIA_Early_WBC-Malignant-Early-219.png,Early,1,603
ARIA_Early_WBC-Malignant-Early-220.png,Early,1,604
ARIA_Early_WBC-Malignant-Early-221.png,Early,1,605
ARIA_Early_WBC-Malignant-Early-222.png,Early,1,606
ARIA_Early_WBC-Malignant-Early-223.png,Early,1,607
ARIA_Early_WBC-Malignant-Early-224.png,Early,1,608
ARIA_Early_WBC-Malignant-Early-225.png,Early,1,609
ARIA_Early_WBC-Malignant-Early-226.png,Early,1,610
ARIA_Early_WBC-Malignant-Early-227.png,Early,1,611
ARIA_Early_WBC-Malignant-Early-228.png,Early,1,612
ARIA_Early_WBC-Malignant-Early-229.png,Early,1,612
ARIA_Early_WBC-Malignant-Early-230.png,Early,1,613
ARIA_Early_WBC-Malignant-Early-231.png,Early,1,614
ARIA_Early_WBC-Malignant-Early-232.png,Early,1,615
ARIA_Early_WBC-Malignant-Early-233.png,Early,1,616
ARIA_Early_WBC-Malignant-Early-234.png,Early,1,617
ARIA_Early_WBC-Malignant-Early-235.png,Early,1,618
ARIA_Early_WBC-Malignant-Early-236.png,Early,1,619
ARIA_Early_WBC-Malignant-Early-237.png,Early,1,620
ARIA_Early_WBC-Malignant-Early-238.png,Early,1,621
ARIA_Early_WBC-Malignant-Early-239.png,Early,1,622
ARIA_Early_WBC-Malignant-Early-240.png,Early,1,623
ARIA_Early_WBC-Malignant-Early-241.png,Early,1,624
ARIA_Early_WBC-Malignant-Early-242.png,Early,1,625
ARIA_Early_WBC-Malignant-Early-243.png,Early,1,626
ARIA_Early_WBC-Malignant-Early-244.png,Early,1,627
ARIA_Early_WBC-Malignant-Early-245.png,Early,1,628
ARIA_Early_WBC-Malignant-Early-246.png,Early,1,629
ARIA_Early_WBC-Malignant-Early-247.png,Early,1,630
ARIA_Early_WBC-Malignant-Early-248.png,Early,1,631
ARIA_Early_WBC-Malignant-Early-249.png,Early,1,632
ARIA_Early_WBC-Malignant-Early-250.png,Early,1,633
ARIA_Early_WBC-Malignant-Early-251.png,Early,1,634
ARIA_Early_WBC-Malignant-Early-252.png,Early,1,635
ARIA_Early_WBC-Malignant-Early-253.png,Early,1,636
ARIA_Early_WBC-Malignant-Early-254.png,Early,1,637
ARIA_Early_WBC-Malignant-Early-255.png,Early,1,638
ARIA_Early_WBC-Malignant-Early-256.png,Early,1,639
ARIA_Early_WBC-Malignant-Early-257.png,Early,1,640
ARIA_Early_WBC-Malignant-Early-258.png,Early,1,641
ARIA_Early_WBC-Malignant-Early-259.png,Early,1,642
ARIA_Early_WBC-Malignant-Early-260.png,Early,1,643
ARIA_Early_WBC-Malignant-Early-261.png,Early,1,644
ARIA_Early_WBC-Malignant-Early-262.png,Early,1,645
ARIA_Early_WBC-Malignant-Early-263.png,Early,1,646
ARIA_Early_WBC-Malignant-Early-264.png,Early,1,647
ARIA_Early_WBC-Malignant-Early-265.png,Early,1,648
ARIA_Early_WBC-Malignant-Early-266.png,Early,1,649
ARIA_Early_WBC-Malignant-Early-267.png,Early,1,650
ARIA_Early_WBC-Malignant-Early-268.png,Early,1,651
ARIA_Early_WBC-Malignant-Early-269.png,Early,1,652
ARIA_Early_WBC-Malignant-Early-270.png,Early,1,653
ARIA_Early_WBC-Malignant-Early-271.png,Early,1,654
ARIA_Early_WBC-Malignant-Early-272.png,Early,1,655
ARIA_Early_WBC-Malignant-Early-273.png,Early,1,656
ARIA_Early_WBC-Malignant-Early-274.png,Early,1,657
ARIA_Early_WBC-Malignant-Early-275.png,Early,1,658
ARIA_Early_WBC-Malignant-Early-276.png,Early,1,659
ARIA_Early_WBC-Malignant-Early-277.png,Early,1,660
ARIA_Early_WBC-Malignant-Early-278.png,Early,1,661
ARIA_Early_WBC-Malignant-Early-279.png,Early,1,662
ARIA_Early_WBC-Malignant-Early-280.png,Early,1,663
ARIA_Early_WBC-Malignant-Early-281.png,Early,1,664
ARIA_Early_WBC-Malignant-Early-282.png,Early,1,665
ARIA_Early_WBC-Malignant-Early-283.png,Early,1,666
ARIA_Early_WBC-Malignant-Early-284.png,Early,1,667
ARIA_Early_WBC-Malignant-Early-285.png,Early,1,666
ARIA_Early_WBC-Malignant-Early-286.png,Early,1,668
ARIA_Early_WBC-Malignant-Early-287.png,Early,1,666
ARIA_Early_WBC-Malignant-Early-288.png,Early,1,669
ARIA_Early_WBC-Malignant-Early-289.png,Early,1,670
ARIA_Early_WBC-Malignant-Early-290.png,Early,1,671
ARIA_Early_WBC-Malignant-Early-291.png,Early,1,672
ARIA_Early_WBC-Malignant-Early-292.png,Early,1,673
ARIA_Early_WBC-Malignant-Early-293.png,Early,1,674
ARIA_Early_WBC-Malignant-Early-294.png,Early,1,675
ARIA_Early_WBC-Malignant-Early-295.png,Early,1,676
ARIA_Early_WBC-Malignant-Early-296.png,Early,1,677
ARIA_Early_WBC-Malignant-Early-297.png,Early,1,678
ARIA_Early_WBC-Malignant-Early-298.png,Early,1,679
ARIA_Early_WBC-Malignant-Early-299.png,Early,1,680
ARIA_Early_WBC-Malignant-Early-300.png,Early,1,681
ARIA_Early_WBC-Malignant-Early-301.png,Early,1,682
ARIA_Early_WBC-Malignant-Early-302.png,Early,1,683
ARIA_Early_WBC-Malignant-Early-303.png,Early,1,684
ARIA_Early_WBC-Malignant-Early-304.png,Early,1,683
ARIA_Early_WBC-Malignant-Early-305.png,Early,1,685
ARIA_Early_WBC-Malignant-Early-306.png,Early,1,686
ARIA_Early_WBC-Malignant-Early-307.png,Early,1,687
ARIA_Early_WBC-Malignant-Early-308.png,Early,1,688
ARIA_Early_WBC-Malignant-Early-309.png,Early,1,689
ARIA_Early_WBC-Malignant-Early-310.png,Early,1,690
ARIA_Early_WBC-Malignant-Early-311.png,Early,1,691
ARIA_Early_WBC-Malignant-Early-312.png,Early,1,692
ARIA_Early_WBC-Malignant-Early-313.png,Early,1,693
ARIA_Early_WBC-Malignant-Early-314.png,Early,1,694
ARIA_Early_WBC-Malignant-Early-315.png,Early,1,695
ARIA_Early_WBC-Malignant-Early-316.png,Early,1,688
ARIA_Early_WBC-Malignant-Early-317.png,Early,1,696
ARIA_Early_WBC-Malignant-Early-318.png,Early,1,697
ARIA_Early_WBC-Malignant-Early-319.png,Early,1,698
ARIA_Early_WBC-Malignant-Early-320.png,Early,1,699
ARIA_Early_WBC-Malignant-Early-321.png,Early,1,700
ARIA_Early_WBC-Malignant-Early-322.png,Early,1,701
ARIA_Early_WBC-Malignant-Early-323.png,Early,1,702
ARIA_Early_WBC-Malignant-Early-324.png,Early,1,703
ARIA_Early_WBC-Malignant-Early-325.png,Early,1,704
ARIA_Early_WBC-Malignant-Early-326.png,Early,1,705
ARIA_Early_WBC-Malignant-Early-327.png,Early,1,705
ARIA_Early_WBC-Malignant-Early-328.png,Early,1,705
ARIA_Early_WBC-Malignant-Early-329.png,Early,1,706
ARIA_Early_WBC-Malignant-Early-330.png,Early,1,707
ARIA_Early_WBC-Malignant-Early-331.png,Early,1,708
ARIA_Early_WBC-Malignant-Early-332.png,Early,1,709
ARIA_Early_WBC-Malignant-Early-333.png,Early,1,710
ARIA_Early_WBC-Malignant-Early-334.png,Early,1,710
ARIA_Early_WBC-Malignant-Early-335.png,Early,1,710
ARIA_Early_WBC-Malignant-Early-336.png,Early,1,711
ARIA_Early_WBC-Malignant-Early-337.png,Early,1,712
ARIA_Early_WBC-Malignant-Early-338.png,Early,1,713
ARIA_Early_WBC-Malignant-Early-339.png,Early,1,714
ARIA_Early_WBC-Malignant-Early-340.png,Early,1,715
ARIA_Early_WBC-Malignant-Early-341.png,Early,1,716
ARIA_Early_WBC-Malignant-Early-342.png,Early,1,717
ARIA_Early_WBC-Malignant-Early-343.png,Early,1,718
ARIA_Early_WBC-Malignant-Early-344.png,Early,1,719
ARIA_Early_WBC-Malignant-Early-345.png,Early,1,720
ARIA_Early_WBC-Malignant-Early-346.png,Early,1,721
ARIA_Early_WBC-Malignant-Early-347.png,Early,1,722
ARIA_Early_WBC-Malignant-Early-348.png,Early,1,723
ARIA_Early_WBC-Malignant-Early-349.png,Early,1,724
ARIA_Early_WBC-Malignant-Early-350.png,Early,1,725
ARIA_Early_WBC-Malignant-Early-351.png,Early,1,726
ARIA_Early_WBC-Malignant-Early-352.png,Early,1,727
ARIA_Early_WBC-Malignant-Early-353.png,Early,1,728
ARIA_Early_WBC-Malignant-Early-354.png,Early,1,729
ARIA_Early_WBC-Malignant-Early-355.png,Early,1,730
ARIA_Early_WBC-Malignant-Early-356.png,Early,1,731
ARIA_Early_WBC-Malignant-Early-357.png,Early,1,732
ARIA_Early_WBC-Malignant-Early-358.png,Early,1,733
ARIA_Early_WBC-Malignant-Early-359.png,Early,1,734
ARIA_Early_WBC-Malignant-Early-360.png,Early,1,735
ARIA_Early_WBC-Malignant-Early-361.png,Early,1,736
ARIA_Early_WBC-Malignant-Early-362.png,Early,1,737
ARIA_Early_WBC-Malignant-Early-363.png,Early,1,738
ARIA_Early_WBC-Malignant-Early-364.png,Early,1,739
ARIA_Early_WBC-Malignant-Early-365.png,Early,1,740
ARIA_Early_WBC-Malignant-Early-366.png,Early,1,741
ARIA_Early_WBC-Malignant-Early-367.png,Early,1,741
ARIA_Early_WBC-Malignant-Early-368.png,Early,1,742
ARIA_Early_WBC-Malignant-Early-369.png,Early,1,743
ARIA_Early_WBC-Malignant-Early-370.png,Early,1,744
ARIA_Early_WBC-Malignant-Early-371.png,Early,1,745
ARIA_Early_WBC-Malignant-Early-372.png,Early,1,746
ARIA_Early_WBC-Malignant-Early-373.png,Early,1,745
ARIA_Early_WBC-Malignant-Early-374.png,Early,1,747
ARIA_Early_WBC-Malignant-Early-375.png,Early,1,748
ARIA_Early_WBC-Malignant-Early-376.png,Early,1,747
ARIA_Early_WBC-Malignant-Early-377.png,Early,1,748
ARIA_Early_WBC-Malignant-Early-378.png,Early,1,749
ARIA_Early_WBC-Malignant-Early-379.png,Early,1,750
ARIA_Early_WBC-Malignant-Early-380.png,Early,1,751
ARIA_Early_WBC-Malignant-Early-381.png,Early,1,750
ARIA_Early_WBC-Malignant-Early-382.png,Early,1,752
ARIA_Early_WBC-Malignant-Early-383.png,Early,1,753
ARIA_Early_WBC-Malignant-Early-384.png,Early,1,754
ARIA_Early_WBC-Malignant-Early-385.png,Early,1,755
ARIA_Early_WBC-Malignant-Early-386.png,Early,1,756
ARIA_Early_WBC-Malignant-Early-387.png,Early,1,757
ARIA_Early_WBC-Malignant-Early-388.png,Early,1,758
ARIA_Early_WBC-Malignant-Early-389.png,Early,1,757
ARIA_Early_WBC-Malignant-Early-390.png,Early,1,759
ARIA_Early_WBC-Malignant-Early-391.png,Early,1,760
ARIA_Early_WBC-Malignant-Early-392.png,Early,1,761
ARIA_Early_WBC-Malignant-Early-393.png,Early,1,762
ARIA_Early_WBC-Malignant-Early-394.png,Early,1,763
ARIA_Early_WBC-Malignant-Early-395.png,Early,1,764
ARIA_Early_WBC-Malignant-Early-396.png,Early,1,765
ARIA_Early_WBC-Malignant-Early-397.png,Early,1,766
ARIA_Early_WBC-Malignant-Early-398.png,Early,1,767
ARIA_Early_WBC-Malignant-Early-399.png,Early,1,768
ARIA_Early_WBC-Malignant-Early-400.png,Early,1,614
ARIA_Early_WBC-Malignant-Early-401.png,Early,1,769
ARIA_Early_WBC-Malignant-Early-402.png,Early,1,770
ARIA_Early_WBC-Malignant-Early-403.png,Early,1,771
ARIA_Early_WBC-Malignant-Early-404.png,Early,1,624
ARIA_Early_WBC-Malignant-Early-405.png,Early,1,772
ARIA_Early_WBC-Malignant-Early-406.png,Early,1,635
ARIA_Early_WBC-Malignant-Early-407.png,Early,1,773
ARIA_Early_WBC-Malignant-Early-408.png,Early,1,646
ARIA_Early_WBC-Malignant-Early-409.png,Early,1,774
ARIA_Early_WBC-Malignant-Early-410.png,Early,1,646
ARIA_Early_WBC-Malignant-Early-411.png,Early,1,775
ARIA_Early_WBC-Malignant-Early-412.png,Early,1,663
ARIA_Early_WBC-Malignant-Early-413.png,Early,1,663
ARIA_Early_WBC-Malignant-Early-414.png,Early,1,776
ARIA_Early_WBC-Malignant-Early-415.png,Early,1,663
ARIA_Early_WBC-Malignant-Early-416.png,Early,1,777
ARIA_Early_WBC-Malignant-Early-417.png,Early,1,778
ARIA_Early_WBC-Malignant-Early-418.png,Early,1,779
ARIA_Early_WBC-Malignant-Early-419.png,Early,1,780
ARIA_Early_WBC-Malignant-Early-420.png,Early,1,781
ARIA_Early_WBC-Malignant-Early-421.png,Early,1,782
ARIA_Early_WBC-Malignant-Early-422.png,Early,1,783
ARIA_Early_WBC-Malignant-Early-423.png,Early,1,784
ARIA_Early_WBC-Malignant-Early-424.png,Early,1,785
ARIA_Early_WBC-Malignant-Early-425.png,Early,1,596
ARIA_Early_WBC-Malignant-Early-426.png,Early,1,786
ARIA_Early_WBC-Malignant-Early-427.png,Early,1,597
ARIA_Early_WBC-Malignant-Early-428.png,Early,1,787
ARIA_Early_WBC-Malignant-Early-429.png,Early,1,788
ARIA_Early_WBC-Malignant-Early-430.png,Early,1,789
ARIA_Early_WBC-Malignant-Early-431.png,Early,1,790
ARIA_Early_WBC-Malignant-Early-432.png,Early,1,791
ARIA_Early_WBC-Malignant-Early-433.png,Early,1,792
ARIA_Early_WBC-Malignant-Early-434.png,Early,1,793
ARIA_Early_WBC-Malignant-Early-435.png,Early,1,794
ARIA_Early_WBC-Malignant-Early-436.png,Early,1,795
ARIA_Early_WBC-Malignant-Early-437.png,Early,1,794
ARIA_Early_WBC-Malignant-Early-438.png,Early,1,796
ARIA_Early_WBC-Malignant-Early-439.png,Early,1,797
ARIA_Early_WBC-Malignant-Early-440.png,Early,1,798
ARIA_Early_WBC-Malignant-Early-441.png,Early,1,599
ARIA_Early_WBC-Malignant-Early-442.png,Early,1,799
ARIA_Early_WBC-Malignant-Early-443.png,Early,1,800
ARIA_Early_WBC-Malignant-Early-444.png,Early,1,801
ARIA_Early_WBC-Malignant-Early-445.png,Early,1,600
ARIA_Early_WBC-Malignant-Early-446.png,Early,1,802
ARIA_Early_WBC-Malignant-Early-447.png,Early,1,601
ARIA_Early_WBC-Malignant-Early-448.png,Early,1,803
ARIA_Early_WBC-Malignant-Early-449.png,Early,1,603
ARIA_Early_WBC-Malignant-Early-450.png,Early,1,804
ARIA_Early_WBC-Malignant-Early-451.png,Early,1,805
ARIA_Early_WBC-Malignant-Early-452.png,Early,1,806
ARIA_Early_WBC-Malignant-Early-453.png,Early,1,807
ARIA_Early_WBC-Malignant-Early-454.png,Early,1,808
ARIA_Early_WBC-Malignant-Early-455.png,Early,1,606
ARIA_Early_WBC-Malignant-Early-456.png,Early,1,809
ARIA_Early_WBC-Malignant-Early-457.png,Early,1,810
ARIA_Early_WBC-Malignant-Early-458.png,Early,1,811
ARIA_Early_WBC-Malignant-Early-459.png,Early,1,812
ARIA_Early_WBC-Malignant-Early-460.png,Early,1,813
ARIA_Early_WBC-Malignant-Early-461.png,Early,1,814
ARIA_Early_WBC-Malignant-Early-462.png,Early,1,608
ARIA_Early_WBC-Malignant-Early-463.png,Early,1,814
ARIA_Early_WBC-Malignant-Early-464.png,Early,1,609
ARIA_Early_WBC-Malignant-Early-465.png,Early,1,815
ARIA_Early_WBC-Malignant-Early-466.png,Early,1,609
ARIA_Early_WBC-Malignant-Early-467.png,Early,1,816
ARIA_Early_WBC-Malignant-Early-468.png,Early,1,609
ARIA_Early_WBC-Malignant-Early-469.png,Early,1,817
ARIA_Early_WBC-Malignant-Early-470.png,Early,1,818
ARIA_Early_WBC-Malignant-Early-471.png,Early,1,819
ARIA_Early_WBC-Malignant-Early-472.png,Early,1,818
ARIA_Early_WBC-Malignant-Early-473.png,Early,1,820
ARIA_Early_WBC-Malignant-Early-474.png,Early,1,821
ARIA_Early_WBC-Malignant-Early-475.png,Early,1,822
ARIA_Early_WBC-Malignant-Early-476.png,Early,1,821
ARIA_Early_WBC-Malignant-Early-477.png,Early,1,610
ARIA_Early_WBC-Malignant-Early-478.png,Early,1,823
ARIA_Early_WBC-Malignant-Early-479.png,Early,1,610
ARIA_Early_WBC-Malignant-Early-480.png,Early,1,824
ARIA_Early_WBC-Malignant-Early-481.png,Early,1,610
ARIA_Early_WBC-Malignant-Early-482.png,Early,1,825
ARIA_Early_WBC-Malignant-Early-483.png,Early,1,826
ARIA_Early_WBC-Malignant-Early-484.png,Early,1,827
ARIA_Early_WBC-Malignant-Early-485.png,Early,1,826
ARIA_Early_WBC-Malignant-Early-486.png,Early,1,828
ARIA_Early_WBC-Malignant-Early-487.png,Early,1,826
ARIA_Early_WBC-Malignant-Early-488.png,Early,1,829
ARIA_Early_WBC-Malignant-Early-489.png,Early,1,830
ARIA_Early_WBC-Malignant-Early-490.png,Early,1,831
ARIA_Early_WBC-Malignant-Early-491.png,Early,1,832
ARIA_Early_WBC-Malignant-Early-492.png,Early,1,831
ARIA_Early_WBC-Malignant-Early-493.png,Early,1,615
ARIA_Early_WBC-Malignant-Early-494.png,Early,1,833
ARIA_Early_WBC-Malignant-Early-495.png,Early,1,616
ARIA_Early_WBC-Malignant-Early-496.png,Early,1,833
ARIA_Early_WBC-Malignant-Early-497.png,Early,1,616
ARIA_Early_WBC-Malignant-Early-498.png,Early,1,834
ARIA_Early_WBC-Malignant-Early-499.png,Early,1,616
ARIA_Early_WBC-Malignant-Early-500.png,Early,1,835
ARIA_Early_WBC-Malignant-Early-501.png,Early,1,616
ARIA_Early_WBC-Malignant-Early-502.png,Early,1,836
ARIA_Early_WBC-Malignant-Early-503.png,Early,1,617
ARIA_Early_WBC-Malignant-Early-504.png,Early,1,837
ARIA_Early_WBC-Malignant-Early-505.png,Early,1,838
ARIA_Early_WBC-Malignant-Early-506.png,Early,1,839
ARIA_Early_WBC-Malignant-Early-507.png,Early,1,838
ARIA_Early_WBC-Malignant-Early-508.png,Early,1,840
ARIA_Early_WBC-Malignant-Early-509.png,Early,1,841
ARIA_Early_WBC-Malignant-Early-510.png,Early,1,842
ARIA_Early_WBC-Malignant-Early-511.png,Early,1,841
ARIA_Early_WBC-Malignant-Early-512.png,Early,1,843
ARIA_Early_WBC-Malignant-Early-513.png,Early,1,844
ARIA_Early_WBC-Malignant-Early-514.png,Early,1,845
ARIA_Early_WBC-Malignant-Early-515.png,Early,1,846
ARIA_Early_WBC-Malignant-Early-516.png,Early,1,845
ARIA_Early_WBC-Malignant-Early-517.png,Early,1,847
ARIA_Early_WBC-Malignant-Early-518.png,Early,1,845
ARIA_Early_WBC-Malignant-Early-519.png,Early,1,848
ARIA_Early_WBC-Malignant-Early-520.png,Early,1,849
ARIA_Early_WBC-Malignant-Early-521.png,Early,1,850
ARIA_Early_WBC-Malignant-Early-522.png,Early,1,849
ARIA_Early_WBC-Malignant-Early-523.png,Early,1,851
ARIA_Early_WBC-Malignant-Early-524.png,Early,1,852
ARIA_Early_WBC-Malignant-Early-525.png,Early,1,853
ARIA_Early_WBC-Malignant-Early-526.png,Early,1,854
ARIA_Early_WBC-Malignant-Early-527.png,Early,1,855
ARIA_Early_WBC-Malignant-Early-528.png,Early,1,856
ARIA_Early_WBC-Malignant-Early-529.png,Early,1,857
ARIA_Early_WBC-Malignant-Early-530.png,Early,1,858
ARIA_Early_WBC-Malignant-Early-531.png,Early,1,859
ARIA_Early_WBC-Malignant-Early-532.png,Early,1,860
ARIA_Early_WBC-Malignant-Early-533.png,Early,1,861
ARIA_Early_WBC-Malignant-Early-534.png,Early,1,862
ARIA_Early_WBC-Malignant-Early-535.png,Early,1,863
ARIA_Early_WBC-Malignant-Early-536.png,Early,1,864
ARIA_Early_WBC-Malignant-Early-537.png,Early,1,865
ARIA_Early_WBC-Malignant-Early-538.png,Early,1,866
ARIA_Early_WBC-Malignant-Early-539.png,Early,1,867
ARIA_Early_WBC-Malignant-Early-540.png,Early,1,868
ARIA_Early_WBC-Malignant-Early-541.png,Early,1,869
ARIA_Early_WBC-Malignant-Early-542.png,Early,1,870
ARIA_Early_WBC-Malignant-Early-543.png,Early,1,869
ARIA_Early_WBC-Malignant-Early-544.png,Early,1,871
ARIA_Early_WBC-Malignant-Early-545.png,Early,1,872
ARIA_Early_WBC-Malignant-Early-546.png,Early,1,530
ARIA_Early_WBC-Malignant-Early-547.png,Early,1,873
ARIA_Early_WBC-Malignant-Early-548.png,Early,1,529
ARIA_Early_WBC-Malignant-Early-549.png,Early,1,873
ARIA_Early_WBC-Malignant-Early-550.png,Early,1,874
ARIA_Early_WBC-Malignant-Early-551.png,Early,1,875
ARIA_Early_WBC-Malignant-Early-552.png,Early,1,876
ARIA_Early_WBC-Malignant-Early-553.png,Early,1,877
ARIA_Early_WBC-Malignant-Early-554.png,Early,1,878
ARIA_Early_WBC-Malignant-Early-555.png,Early,1,879
ARIA_Early_WBC-Malignant-Early-556.png,Early,1,878
ARIA_Early_WBC-Malignant-Early-557.png,Early,1,880
ARIA_Early_WBC-Malignant-Early-558.png,Early,1,881
ARIA_Early_WBC-Malignant-Early-559.png,Early,1,882
ARIA_Early_WBC-Malignant-Early-560.png,Early,1,883
ARIA_Early_WBC-Malignant-Early-561.png,Early,1,882
ARIA_Early_WBC-Malignant-Early-562.png,Early,1,884
ARIA_Early_WBC-Malignant-Early-563.png,Early,1,885
ARIA_Early_WBC-Malignant-Early-564.png,Early,1,885
ARIA_Early_WBC-Malignant-Early-565.png,Early,1,886
ARIA_Early_WBC-Malignant-Early-566.png,Early,1,887
ARIA_Early_WBC-Malignant-Early-567.png,Early,1,850
ARIA_Early_WBC-Malignant-Early-568.png,Early,1,888
ARIA_Early_WBC-Malignant-Early-569.png,Early,1,889
ARIA_Early_WBC-Malignant-Early-570.png,Early,1,890
ARIA_Early_WBC-Malignant-Early-571.png,Early,1,891
ARIA_Early_WBC-Malignant-Early-572.png,Early,1,892
ARIA_Early_WBC-Malignant-Early-573.png,Early,1,893
ARIA_Early_WBC-Malignant-Early-574.png,Early,1,894
ARIA_Early_WBC-Malignant-Early-575.png,Early,1,895
ARIA_Early_WBC-Malignant-Early-576.png,Early,1,896
ARIA_Early_WBC-Malignant-Early-577.png,Early,1,841
ARIA_Early_WBC-Malignant-Early-578.png,Early,1,897
ARIA_Early_WBC-Malignant-Early-579.png,Early,1,841
ARIA_Early_WBC-Malignant-Early-580.png,Early,1,897
ARIA_Early_WBC-Malignant-Early-581.png,Early,1,841
ARIA_Early_WBC-Malignant-Early-582.png,Early,1,898
ARIA_Early_WBC-Malignant-Early-583.png,Early,1,899
ARIA_Early_WBC-Malignant-Early-584.png,Early,1,898
ARIA_Early_WBC-Malignant-Early-585.png,Early,1,899
ARIA_Early_WBC-Malignant-Early-586.png,Early,1,900
ARIA_Early_WBC-Malignant-Early-587.png,Early,1,899
ARIA_Early_WBC-Malignant-Early-588.png,Early,1,901
ARIA_Early_WBC-Malignant-Early-589.png,Early,1,838
ARIA_Early_WBC-Malignant-Early-590.png,Early,1,898
ARIA_Early_WBC-Malignant-Early-591.png,Early,1,838
ARIA_Early_WBC-Malignant-Early-592.png,Early,1,902
ARIA_Early_WBC-Malignant-Early-593.png,Early,1,838
ARIA_Early_WBC-Malignant-Early-594.png,Early,1,903
ARIA_Early_WBC-Malignant-Early-595.png,Early,1,617
ARIA_Early_WBC-Malignant-Early-596.png,Early,1,904
ARIA_Early_WBC-Malignant-Early-597.png,Early,1,617
ARIA_Early_WBC-Malignant-Early-598.png,Early,1,905
ARIA_Early_WBC-Malignant-Early-599.png,Early,1,616
ARIA_Early_WBC-Malignant-Early-600.png,Early,1,906
ARIA_Early_WBC-Malignant-Early-601.png,Early,1,615
ARIA_Early_WBC-Malignant-Early-602.png,Early,1,907
ARIA_Early_WBC-Malignant-Early-603.png,Early,1,832
ARIA_Early_WBC-Malignant-Early-604.png,Early,1,908
ARIA_Early_WBC-Malignant-Early-605.png,Early,1,832
ARIA_Early_WBC-Malignant-Early-606.png,Early,1,908
ARIA_Early_WBC-Malignant-Early-607.png,Early,1,832
ARIA_Early_WBC-Malignant-Early-608.png,Early,1,909
ARIA_Early_WBC-Malignant-Early-609.png,Early,1,832
ARIA_Early_WBC-Malignant-Early-610.png,Early,1,910
ARIA_Early_WBC-Malignant-Early-611.png,Early,1,830
ARIA_Early_WBC-Malignant-Early-612.png,Early,1,911
ARIA_Early_WBC-Malignant-Early-613.png,Early,1,830
ARIA_Early_WBC-Malignant-Early-614.png,Early,1,912
ARIA_Early_WBC-Malignant-Early-615.png,Early,1,830
ARIA_Early_WBC-Malignant-Early-616.png,Early,1,913
ARIA_Early_WBC-Malignant-Early-617.png,Early,1,826
ARIA_Early_WBC-Malignant-Early-618.png,Early,1,914
ARIA_Early_WBC-Malignant-Early-619.png,Early,1,826
ARIA_Early_WBC-Malignant-Early-620.png,Early,1,915
ARIA_Early_WBC-Malignant-Early-621.png,Early,1,610
ARIA_Early_WBC-Malignant-Early-622.png,Early,1,915
ARIA_Early_WBC-Malignant-Early-623.png,Early,1,610
ARIA_Early_WBC-Malignant-Early-624.png,Early,1,916
ARIA_Early_WBC-Malignant-Early-625.png,Early,1,610
ARIA_Early_WBC-Malignant-Early-626.png,Early,1,916
ARIA_Early_WBC-Malignant-Early-627.png,Early,1,822
ARIA_Early_WBC-Malignant-Early-628.png,Early,1,916
ARIA_Early_WBC-Malignant-Early-629.png,Early,1,917
ARIA_Early_WBC-Malignant-Early-630.png,Early,1,918
ARIA_Early_WBC-Malignant-Early-631.png,Early,1,919
ARIA_Early_WBC-Malignant-Early-632.png,Early,1,920
ARIA_Early_WBC-Malignant-Early-633.png,Early,1,919
ARIA_Early_WBC-Malignant-Early-634.png,Early,1,921
ARIA_Early_WBC-Malignant-Early-635.png,Early,1,922
ARIA_Early_WBC-Malignant-Early-636.png,Early,1,923
ARIA_Early_WBC-Malignant-Early-637.png,Early,1,924
ARIA_Early_WBC-Malignant-Early-638.png,Early,1,923
ARIA_Early_WBC-Malignant-Early-639.png,Early,1,925
ARIA_Early_WBC-Malignant-Early-640.png,Early,1,926
ARIA_Early_WBC-Malignant-Early-641.png,Early,1,925
ARIA_Early_WBC-Malignant-Early-642.png,Early,1,926
ARIA_Early_WBC-Malignant-Early-643.png,Early,1,927
ARIA_Early_WBC-Malignant-Early-644.png,Early,1,926
ARIA_Early_WBC-Malignant-Early-645.png,Early,1,927
ARIA_Early_WBC-Malignant-Early-646.png,Early,1,928
ARIA_Early_WBC-Malignant-Early-647.png,Early,1,929
ARIA_Early_WBC-Malignant-Early-648.png,Early,1,930
ARIA_Early_WBC-Malignant-Early-649.png,Early,1,931
ARIA_Early_WBC-Malignant-Early-650.png,Early,1,932
ARIA_Early_WBC-Malignant-Early-651.png,Early,1,933
ARIA_Early_WBC-Malignant-Early-652.png,Early,1,934
ARIA_Early_WBC-Malignant-Early-653.png,Early,1,935
ARIA_Early_WBC-Malignant-Early-654.png,Early,1,936
ARIA_Early_WBC-Malignant-Early-655.png,Early,1,937
ARIA_Early_WBC-Malignant-Early-656.png,Early,1,938
ARIA_Early_WBC-Malignant-Early-657.png,Early,1,939
ARIA_Early_WBC-Malignant-Early-658.png,Early,1,940
ARIA_Early_WBC-Malignant-Early-659.png,Early,1,941
ARIA_Early_WBC-Malignant-Early-660.png,Early,1,940
ARIA_Early_WBC-Malignant-Early-661.png,Early,1,942
ARIA_Early_WBC-Malignant-Early-662.png,Early,1,943
ARIA_Early_WBC-Malignant-Early-663.png,Early,1,944
ARIA_Early_WBC-Malignant-Early-664.png,Early,1,945
ARIA_Early_WBC-Malignant-Early-665.png,Early,1,946
ARIA_Early_WBC-Malignant-Early-666.png,Early,1,947
ARIA_Early_WBC-Malignant-Early-667.png,Early,1,948
ARIA_Early_WBC-Malignant-Early-668.png,Early,1,947
ARIA_Early_WBC-Malignant-Early-669.png,Early,1,948
ARIA_Early_WBC-Malignant-Early-670.png,Early,1,949
ARIA_Early_WBC-Malignant-Early-671.png,Early,1,950
ARIA_Early_WBC-Malignant-Early-672.png,Early,1,947
ARIA_Early_WBC-Malignant-Early-673.png,Early,1,951
ARIA_Early_WBC-Malignant-Early-674.png,Early,1,952
ARIA_Early_WBC-Malignant-Early-675.png,Early,1,953
ARIA_Early_WBC-Malignant-Early-676.png,Early,1,954
ARIA_Early_WBC-Malignant-Early-677.png,Early,1,955
ARIA_Early_WBC-Malignant-Early-678.png,Early,1,956
ARIA_Early_WBC-Malignant-Early-679.png,Early,1,957
ARIA_Early_WBC-Malignant-Early-680.png,Early,1,958
ARIA_Early_WBC-Malignant-Early-681.png,Early,1,959
ARIA_Early_WBC-Malignant-Early-682.png,Early,1,958
ARIA_Early_WBC-Malignant-Early-683.png,Early,1,960
ARIA_Early_WBC-Malignant-Early-684.png,Early,1,961
ARIA_Early_WBC-Malignant-Early-685.png,Early,1,962
ARIA_Early_WBC-Malignant-Early-686.png,Early,1,963
ARIA_Early_WBC-Malignant-Early-687.png,Early,1,964
ARIA_Early_WBC-Malignant-Early-688.png,Early,1,965
ARIA_Early_WBC-Malignant-Early-689.png,Early,1,966
ARIA_Early_WBC-Malignant-Early-690.png,Early,1,967
ARIA_Early_WBC-Malignant-Early-691.png,Early,1,968
ARIA_Early_WBC-Malignant-Early-692.png,Early,1,969
ARIA_Early_WBC-Malignant-Early-693.png,Early,1,970
ARIA_Early_WBC-Malignant-Early-694.png,Early,1,969
ARIA_Early_WBC-Malignant-Early-695.png,Early,1,971
ARIA_Early_WBC-Malignant-Early-696.png,Early,1,969
ARIA_Early_WBC-Malignant-Early-697.png,Early,1,972
ARIA_Early_WBC-Malignant-Early-698.png,Early,1,969
ARIA_Early_WBC-Malignant-Early-699.png,Early,1,973
ARIA_Early_WBC-Malignant-Early-700.png,Early,1,974
ARIA_Early_WBC-Malignant-Early-701.png,Early,1,975
ARIA_Early_WBC-Malignant-Early-702.png,Early,1,976
ARIA_Early_WBC-Malignant-Early-703.png,Early,1,977
ARIA_Early_WBC-Malignant-Early-704.png,Early,1,978
ARIA_Early_WBC-Malignant-Early-705.png,Early,1,979
ARIA_Early_WBC-Malignant-Early-706.png,Early,1,980
ARIA_Early_WBC-Malignant-Early-707.png,Early,1,968
ARIA_Early_WBC-Malignant-Early-708.png,Early,1,980
ARIA_Early_WBC-Malignant-Early-709.png,Early,1,981
ARIA_Early_WBC-Malignant-Early-710.png,Early,1,982
ARIA_Early_WBC-Malignant-Early-711.png,Early,1,983
ARIA_Early_WBC-Malignant-Early-712.png,Early,1,984
ARIA_Early_WBC-Malignant-Early-713.png,Early,1,983
ARIA_Early_WBC-Malignant-Early-714.png,Early,1,985
ARIA_Early_WBC-Malignant-Early-715.png,Early,1,986
ARIA_Early_WBC-Malignant-Early-716.png,Early,1,987
ARIA_Early_WBC-Malignant-Early-717.png,Early,1,988
ARIA_Early_WBC-Malignant-Early-718.png,Early,1,989
ARIA_Early_WBC-Malignant-Early-719.png,Early,1,990
ARIA_Early_WBC-Malignant-Early-720.png,Early,1,991
ARIA_Early_WBC-Malignant-Early-721.png,Early,1,992
ARIA_Early_WBC-Malignant-Early-722.png,Early,1,969
ARIA_Early_WBC-Malignant-Early-723.png,Early,1,993
ARIA_Early_WBC-Malignant-Early-724.png,Early,1,969
ARIA_Early_WBC-Malignant-Early-725.png,Early,1,994
ARIA_Early_WBC-Malignant-Early-726.png,Early,1,995
ARIA_Early_WBC-Malignant-Early-727.png,Early,1,994
ARIA_Early_WBC-Malignant-Early-728.png,Early,1,996
ARIA_Early_WBC-Malignant-Early-729.png,Early,1,994
ARIA_Early_WBC-Malignant-Early-730.png,Early,1,997
ARIA_Early_WBC-Malignant-Early-731.png,Early,1,998
ARIA_Early_WBC-Malignant-Early-732.png,Early,1,997
ARIA_Early_WBC-Malignant-Early-733.png,Early,1,999
ARIA_Early_WBC-Malignant-Early-734.png,Early,1,1000
ARIA_Early_WBC-Malignant-Early-735.png,Early,1,999
ARIA_Early_WBC-Malignant-Early-736.png,Early,1,1001
ARIA_Early_WBC-Malignant-Early-737.png,Early,1,1002
ARIA_Early_WBC-Malignant-Early-738.png,Early,1,1003
ARIA_Early_WBC-Malignant-Early-739.png,Early,1,1004
ARIA_Early_WBC-Malignant-Early-740.png,Early,1,1005
ARIA_Early_WBC-Malignant-Early-741.png,Early,1,1006
ARIA_Early_WBC-Malignant-Early-742.png,Early,1,1005
ARIA_Early_WBC-Malignant-Early-743.png,Early,1,1007
ARIA_Early_WBC-Malignant-Early-744.png,Early,1,1008
ARIA_Early_WBC-Malignant-Early-745.png,Early,1,1009
ARIA_Early_WBC-Malignant-Early-746.png,Early,1,1010
ARIA_Early_WBC-Malignant-Early-747.png,Early,1,1011
ARIA_Early_WBC-Malignant-Early-748.png,Early,1,1012
ARIA_Early_WBC-Malignant-Early-749.png,Early,1,1013
ARIA_Early_WBC-Malignant-Early-750.png,Early,1,1014
ARIA_Early_WBC-Malignant-Early-751.png,Early,1,1015
ARIA_Early_WBC-Malignant-Early-752.png,Early,1,1016
ARIA_Early_WBC-Malignant-Early-753.png,Early,1,1017
ARIA_Early_WBC-Malignant-Early-754.png,Early,1,1018
ARIA_Early_WBC-Malignant-Early-755.png,Early,1,1019
ARIA_Early_WBC-Malignant-Early-756.png,Early,1,1020
ARIA_Early_WBC-Malignant-Early-757.png,Early,1,1021
ARIA_Early_WBC-Malignant-Early-758.png,Early,1,1022
ARIA_Early_WBC-Malignant-Early-759.png,Early,1,1023
ARIA_Early_WBC-Malignant-Early-760.png,Early,1,1024
ARIA_Early_WBC-Malignant-Early-761.png,Early,1,1025
ARIA_Early_WBC-Malignant-Early-762.png,Early,1,1026
ARIA_Early_WBC-Malignant-Early-763.png,Early,1,1027
ARIA_Early_WBC-Malignant-Early-764.png,Early,1,1028
ARIA_Early_WBC-Malignant-Early-765.png,Early,1,1029
ARIA_Early_WBC-Malignant-Early-766.png,Early,1,1030
ARIA_Early_WBC-Malignant-Early-767.png,Early,1,1031
ARIA_Early_WBC-Malignant-Early-768.png,Early,1,1032
ARIA_Early_WBC-Malignant-Early-769.png,Early,1,1033
ARIA_Early_WBC-Malignant-Early-770.png,Early,1,841
ARIA_Early_WBC-Malignant-Early-771.png,Early,1,1034
ARIA_Early_WBC-Malignant-Early-772.png,Early,1,889
ARIA_Early_WBC-Malignant-Early-773.png,Early,1,1035
ARIA_Early_WBC-Malignant-Early-774.png,Early,1,1036
ARIA_Early_WBC-Malignant-Early-775.png,Early,1,1037
ARIA_Early_WBC-Malignant-Early-776.png,Early,1,850
ARIA_Early_WBC-Malignant-Early-777.png,Early,1,1038
ARIA_Early_WBC-Malignant-Early-778.png,Early,1,850
ARIA_Early_WBC-Malignant-Early-779.png,Early,1,1039
ARIA_Early_WBC-Malignant-Early-780.png,Early,1,850
ARIA_Early_WBC-Malignant-Early-781.png,Early,1,886
ARIA_Early_WBC-Malignant-Early-782.png,Early,1,885
ARIA_Early_WBC-Malignant-Early-783.png,Early,1,1040
ARIA_Early_WBC-Malignant-Early-784.png,Early,1,1041
ARIA_Early_WBC-Malignant-Early-785.png,Early,1,1042
ARIA_Early_WBC-Malignant-Early-786.png,Early,1,1043
ARIA_Early_WBC-Malignant-Early-787.png,Early,1,1044
ARIA_Early_WBC-Malignant-Early-788.png,Early,1,1044
ARIA_Early_WBC-Malignant-Early-789.png,Early,1,877
ARIA_Early_WBC-Malignant-Early-790.png,Early,1,1045
ARIA_Early_WBC-Malignant-Early-791.png,Early,1,1046
ARIA_Early_WBC-Malignant-Early-792.png,Early,1,1047
ARIA_Early_WBC-Malignant-Early-793.png,Early,1,873
ARIA_Early_WBC-Malignant-Early-794.png,Early,1,873
ARIA_Early_WBC-Malignant-Early-795.png,Early,1,873
ARIA_Early_WBC-Malignant-Early-796.png,Early,1,1048
ARIA_Early_WBC-Malignant-Early-797.png,Early,1,1049
ARIA_Early_WBC-Malignant-Early-798.png,Early,1,1050
ARIA_Early_WBC-Malignant-Early-799.png,Early,1,1051
ARIA_Early_WBC-Malignant-Early-800.png,Early,1,1052
ARIA_Early_WBC-Malignant-Early-801.png,Early,1,1053
ARIA_Early_WBC-Malignant-Early-802.png,Early,1,1054
ARIA_Early_WBC-Malignant-Early-803.png,Early,1,1055
ARIA_Early_WBC-Malignant-Early-804.png,Early,1,1056
ARIA_Early_WBC-Malignant-Early-805.png,Early,1,1057
ARIA_Early_WBC-Malignant-Early-806.png,Early,1,1058
ARIA_Early_WBC-Malignant-Early-807.png,Early,1,1059
ARIA_Early_WBC-Malignant-Early-808.png,Early,1,1060
ARIA_Early_WBC-Malignant-Early-809.png,Early,1,1060
ARIA_Early_WBC-Malignant-Early-810.png,Early,1,1061
ARIA_Early_WBC-Malignant-Early-811.png,Early,1,1061
ARIA_Early_WBC-Malignant-Early-812.png,Early,1,1062
ARIA_Early_WBC-Malignant-Early-813.png,Early,1,1062
ARIA_Early_WBC-Malignant-Early-814.png,Early,1,1063
ARIA_Early_WBC-Malignant-Early-815.png,Early,1,1064
ARIA_Early_WBC-Malignant-Early-816.png,Early,1,1065
ARIA_Early_WBC-Malignant-Early-817.png,Early,1,1065
ARIA_Early_WBC-Malignant-Early-818.png,Early,1,1065
ARIA_Early_WBC-Malignant-Early-819.png,Early,1,1065
ARIA_Early_WBC-Malignant-Early-820.png,Early,1,1066
ARIA_Early_WBC-Malignant-Early-821.png,Early,1,1067
ARIA_Early_WBC-Malignant-Early-822.png,Early,1,1068
ARIA_Early_WBC-Malignant-Early-823.png,Early,1,1068
ARIA_Early_WBC-Malignant-Early-824.png,Early,1,1069
ARIA_Early_WBC-Malignant-Early-825.png,Early,1,1070
ARIA_Early_WBC-Malignant-Early-826.png,Early,1,1071
ARIA_Early_WBC-Malignant-Early-827.png,Early,1,1071
ARIA_Early_WBC-Malignant-Early-828.png,Early,1,1071
ARIA_Early_WBC-Malignant-Early-829.png,Early,1,1071
ARIA_Early_WBC-Malignant-Early-830.png,Early,1,1072
ARIA_Early_WBC-Malignant-Early-831.png,Early,1,1073
ARIA_Early_WBC-Malignant-Early-832.png,Early,1,1074
ARIA_Early_WBC-Malignant-Early-833.png,Early,1,1075
ARIA_Early_WBC-Malignant-Early-834.png,Early,1,1076
ARIA_Early_WBC-Malignant-Early-835.png,Early,1,1076
ARIA_Early_WBC-Malignant-Early-836.png,Early,1,1077
ARIA_Early_WBC-Malignant-Early-837.png,Early,1,1077
ARIA_Early_WBC-Malignant-Early-838.png,Early,1,1078
ARIA_Early_WBC-Malignant-Early-839.png,Early,1,1079
ARIA_Early_WBC-Malignant-Early-840.png,Early,1,1080
ARIA_Early_WBC-Malignant-Early-841.png,Early,1,1081
ARIA_Early_WBC-Malignant-Early-842.png,Early,1,1082
ARIA_Early_WBC-Malignant-Early-843.png,Early,1,1083
ARIA_Early_WBC-Malignant-Early-844.png,Early,1,1084
ARIA_Early_WBC-Malignant-Early-845.png,Early,1,1083
ARIA_Early_WBC-Malignant-Early-846.png,Early,1,1085
ARIA_Early_WBC-Malignant-Early-847.png,Early,1,1086
ARIA_Early_WBC-Malignant-Early-848.png,Early,1,1087
ARIA_Early_WBC-Malignant-Early-849.png,Early,1,1087
ARIA_Early_WBC-Malignant-Early-850.png,Early,1,1087
ARIA_Early_WBC-Malignant-Early-851.png,Early,1,1088
ARIA_Early_WBC-Malignant-Early-852.png,Early,1,1089
ARIA_Early_WBC-Malignant-Early-853.png,Early,1,717
ARIA_Early_WBC-Malignant-Early-854.png,Early,1,718
ARIA_Early_WBC-Malignant-Early-855.png,Early,1,523
ARIA_Early_WBC-Malignant-Early-856.png,Early,1,718
ARIA_Early_WBC-Malignant-Early-857.png,Early,1,718
ARIA_Early_WBC-Malignant-Early-858.png,Early,1,717
ARIA_Early_WBC-Malignant-Early-859.png,Early,1,1089
ARIA_Early_WBC-Malignant-Early-860.png,Early,1,1090
ARIA_Early_WBC-Malignant-Early-861.png,Early,1,1087
ARIA_Early_WBC-Malignant-Early-862.png,Early,1,1087
ARIA_Early_WBC-Malignant-Early-863.png,Early,1,1086
ARIA_Early_WBC-Malignant-Early-864.png,Early,1,1085
ARIA_Early_WBC-Malignant-Early-865.png,Early,1,1091
ARIA_Early_WBC-Malignant-Early-866.png,Early,1,1092
ARIA_Early_WBC-Malignant-Early-867.png,Early,1,1091
ARIA_Early_WBC-Malignant-Early-868.png,Early,1,1093
ARIA_Early_WBC-Malignant-Early-869.png,Early,1,1094
ARIA_Early_WBC-Malignant-Early-870.png,Early,1,1094
ARIA_Early_WBC-Malignant-Early-871.png,Early,1,1095
ARIA_Early_WBC-Malignant-Early-872.png,Early,1,1096
ARIA_Early_WBC-Malignant-Early-873.png,Early,1,1097
ARIA_Early_WBC-Malignant-Early-874.png,Early,1,1098
ARIA_Early_WBC-Malignant-Early-875.png,Early,1,1099
ARIA_Early_WBC-Malignant-Early-876.png,Early,1,1092
ARIA_Early_WBC-Malignant-Early-877.png,Early,1,1100
ARIA_Early_WBC-Malignant-Early-878.png,Early,1,1101
ARIA_Early_WBC-Malignant-Early-879.png,Early,1,1101
ARIA_Early_WBC-Malignant-Early-880.png,Early,1,1102
ARIA_Early_WBC-Malignant-Early-881.png,Early,1,1102
ARIA_Early_WBC-Malignant-Early-882.png,Early,1,1103
ARIA_Early_WBC-Malignant-Early-883.png,Early,1,1104
ARIA_Early_WBC-Malignant-Early-884.png,Early,1,1104
ARIA_Early_WBC-Malignant-Early-885.png,Early,1,1105
ARIA_Early_WBC-Malignant-Early-886.png,Early,1,1106
ARIA_Early_WBC-Malignant-Early-887.png,Early,1,1092
ARIA_Early_WBC-Malignant-Early-888.png,Early,1,1107
ARIA_Early_WBC-Malignant-Early-889.png,Early,1,1108
ARIA_Early_WBC-Malignant-Early-890.png,Early,1,1109
ARIA_Early_WBC-Malignant-Early-891.png,Early,1,1110
ARIA_Early_WBC-Malignant-Early-892.png,Early,1,1111
ARIA_Early_WBC-Malignant-Early-893.png,Early,1,1112
ARIA_Early_WBC-Malignant-Early-894.png,Early,1,1113
ARIA_Early_WBC-Malignant-Early-895.png,Early,1,1113
ARIA_Early_WBC-Malignant-Early-896.png,Early,1,1113
ARIA_Early_WBC-Malignant-Early-897.png,Early,1,1092
ARIA_Early_WBC-Malignant-Early-898.png,Early,1,1114
ARIA_Early_WBC-Malignant-Early-899.png,Early,1,1115
ARIA_Early_WBC-Malignant-Early-900.png,Early,1,1116
ARIA_Early_WBC-Malignant-Early-901.png,Early,1,1117
ARIA_Early_WBC-Malignant-Early-902.png,Early,1,1118
ARIA_Early_WBC-Malignant-Early-903.png,Early,1,1119
ARIA_Early_WBC-Malignant-Early-904.png,Early,1,706
ARIA_Early_WBC-Malignant-Early-905.png,Early,1,706
ARIA_Early_WBC-Malignant-Early-906.png,Early,1,1120
ARIA_Early_WBC-Malignant-Early-907.png,Early,1,1121
ARIA_Early_WBC-Malignant-Early-908.png,Early,1,1120
ARIA_Early_WBC-Malignant-Early-909.png,Early,1,1122
ARIA_Early_WBC-Malignant-Early-910.png,Early,1,1123
ARIA_Early_WBC-Malignant-Early-911.png,Early,1,1124
ARIA_Early_WBC-Malignant-Early-912.png,Early,1,1125
ARIA_Early_WBC-Malignant-Early-913.png,Early,1,1126
ARIA_Early_WBC-Malignant-Early-914.png,Early,1,1127
ARIA_Early_WBC-Malignant-Early-915.png,Early,1,1128
ARIA_Early_WBC-Malignant-Early-916.png,Early,1,1129
ARIA_Early_WBC-Malignant-Early-917.png,Early,1,1130
ARIA_Early_WBC-Malignant-Early-918.png,Early,1,1131
ARIA_Early_WBC-Malignant-Early-919.png,Early,1,1132
ARIA_Early_WBC-Malignant-Early-920.png,Early,1,1132
ARIA_Early_WBC-Malignant-Early-921.png,Early,1,1133
ARIA_Early_WBC-Malignant-Early-922.png,Early,1,1134
ARIA_Early_WBC-Malignant-Early-923.png,Early,1,1135
ARIA_Early_WBC-Malignant-Early-924.png,Early,1,1135
ARIA_Early_WBC-Malignant-Early-925.png,Early,1,1136
ARIA_Early_WBC-Malignant-Early-926.png,Early,1,1137
ARIA_Early_WBC-Malignant-Early-927.png,Early,1,1138
ARIA_Early_WBC-Malignant-Early-928.png,Early,1,1139
ARIA_Early_WBC-Malignant-Early-929.png,Early,1,1140
ARIA_Early_WBC-Malignant-Early-930.png,Early,1,1140
ARIA_Early_WBC-Malignant-Early-931.png,Early,1,1140
ARIA_Early_WBC-Malignant-Early-932.png,Early,1,1140
ARIA_Early_WBC-Malignant-Early-933.png,Early,1,1134
ARIA_Early_WBC-Malignant-Early-934.png,Early,1,1140
ARIA_Early_WBC-Malignant-Early-935.png,Early,1,1140
ARIA_Early_WBC-Malignant-Early-936.png,Early,1,1141
ARIA_Early_WBC-Malignant-Early-937.png,Early,1,1142
ARIA_Early_WBC-Malignant-Early-938.png,Early,1,1143
ARIA_Early_WBC-Malignant-Early-939.png,Early,1,1142
ARIA_Early_WBC-Malignant-Early-940.png,Early,1,1142
ARIA_Early_WBC-Malignant-Early-941.png,Early,1,1142
ARIA_Early_WBC-Malignant-Early-942.png,Early,1,1140
ARIA_Early_WBC-Malignant-Early-943.png,Early,1,1140
ARIA_Early_WBC-Malignant-Early-944.png,Early,1,1144
ARIA_Early_WBC-Malignant-Early-945.png,Early,1,1140
ARIA_Early_WBC-Malignant-Early-946.png,Early,1,1140
ARIA_Early_WBC-Malignant-Early-947.png,Early,1,1145
ARIA_Early_WBC-Malignant-Early-948.png,Early,1,1146
ARIA_Early_WBC-Malignant-Early-949.png,Early,1,1146
ARIA_Early_WBC-Malignant-Early-950.png,Early,1,1146
ARIA_Early_WBC-Malignant-Early-951.png,Early,1,1147
ARIA_Early_WBC-Malignant-Early-952.png,Early,1,1148
ARIA_Early_WBC-Malignant-Early-953.png,Early,1,1149
ARIA_Early_WBC-Malignant-Early-954.png,Early,1,1150
ARIA_Early_WBC-Malignant-Early-955.png,Early,1,1151
ARIA_Early_WBC-Malignant-Early-956.png,Early,1,1151
ARIA_Early_WBC-Malignant-Early-957.png,Early,1,1151
ARIA_Early_WBC-Malignant-Early-958.png,Early,1,1151
ARIA_Early_WBC-Malignant-Early-959.png,Early,1,1152
ARIA_Early_WBC-Malignant-Early-960.png,Early,1,1153
ARIA_Early_WBC-Malignant-Early-961.png,Early,1,1154
ARIA_Early_WBC-Malignant-Early-962.png,Early,1,1155
ARIA_Early_WBC-Malignant-Early-963.png,Early,1,1156
ARIA_Early_WBC-Malignant-Early-964.png,Early,1,1157
ARIA_Early_WBC-Malignant-Early-965.png,Early,1,1158
ARIA_Early_WBC-Malignant-Early-966.png,Early,1,1157
ARIA_Early_WBC-Malignant-Early-967.png,Early,1,1157
ARIA_Early_WBC-Malignant-Early-968.png,Early,1,1157
ARIA_Early_WBC-Malignant-Early-969.png,Early,1,1157
ARIA_Early_WBC-Malignant-Early-970.png,Early,1,1090
ARIA_Early_WBC-Malignant-Early-971.png,Early,1,1090
ARIA_Early_WBC-Malignant-Early-972.png,Early,1,1159
ARIA_Early_WBC-Malignant-Early-973.png,Early,1,1160
ARIA_Early_WBC-Malignant-Early-974.png,Early,1,1161
ARIA_Early_WBC-Malignant-Early-975.png,Early,1,1162
ARIA_Early_WBC-Malignant-Early-976.png,Early,1,1163
ARIA_Early_WBC-Malignant-Early-977.png,Early,1,1163
ARIA_Early_WBC-Malignant-Early-978.png,Early,1,1164
ARIA_Early_WBC-Malignant-Early-979.png,Early,1,1165
ARIA_Early_WBC-Malignant-Early-980.png,Early,1,1166
ARIA_Early_WBC-Malignant-Early-981.png,Early,1,1166
ARIA_Early_WBC-Malignant-Early-982.png,Early,1,1167
ARIA_Early_WBC-Malignant-Early-983.png,Early,1,1168
ARIA_Early_WBC-Malignant-Early-984.png,Early,1,1076
ARIA_Early_WBC-Malignant-Early-985.png,Early,1,1076
ARIA_Pre_WBC-Malignant-Pre-001.png,Pre,1,1169
ARIA_Pre_WBC-Malignant-Pre-002.png,Pre,1,1170
ARIA_Pre_WBC-Malignant-Pre-003.png,Pre,1,1171
ARIA_Pre_WBC-Malignant-Pre-004.png,Pre,1,1172
ARIA_Pre_WBC-Malignant-Pre-005.png,Pre,1,1173
ARIA_Pre_WBC-Malignant-Pre-006.png,Pre,1,1174
ARIA_Pre_WBC-Malignant-Pre-007.png,Pre,1,1175
ARIA_Pre_WBC-Malignant-Pre-008.png,Pre,1,1176
ARIA_Pre_WBC-Malignant-Pre-009.png,Pre,1,1177
ARIA_Pre_WBC-Malignant-Pre-010.png,Pre,1,1178
ARIA_Pre_WBC-Malignant-Pre-011.png,Pre,1,1179
ARIA_Pre_WBC-Malignant-Pre-012.png,Pre,1,1180
ARIA_Pre_WBC-Malignant-Pre-013.png,Pre,1,1181
ARIA_Pre_WBC-Malignant-Pre-014.png,Pre,1,1182
ARIA_Pre_WBC-Malignant-Pre-015.png,Pre,1,1183
ARIA_Pre_WBC-Malignant-Pre-016.png,Pre,1,1184
ARIA_Pre_WBC-Malignant-Pre-017.png,Pre,1,1182
ARIA_Pre_WBC-Malignant-Pre-018.png,Pre,1,1185
ARIA_Pre_WBC-Malignant-Pre-019.png,Pre,1,1186
ARIA_Pre_WBC-Malignant-Pre-020.png,Pre,1,1187
ARIA_Pre_WBC-Malignant-Pre-021.png,Pre,1,1188
ARIA_Pre_WBC-Malignant-Pre-022.png,Pre,1,1189
ARIA_Pre_WBC-Malignant-Pre-023.png,Pre,1,1190
ARIA_Pre_WBC-Malignant-Pre-024.png,Pre,1,1191
ARIA_Pre_WBC-Malignant-Pre-025.png,Pre,1,1192
ARIA_Pre_WBC-Malignant-Pre-026.png,Pre,1,1190
ARIA_Pre_WBC-Malignant-Pre-027.png,Pre,1,1191
ARIA_Pre_WBC-Malignant-Pre-028.png,Pre,1,1193
ARIA_Pre_WBC-Malignant-Pre-029.png,Pre,1,1190
ARIA_Pre_WBC-Malignant-Pre-030.png,Pre,1,1194
ARIA_Pre_WBC-Malignant-Pre-031.png,Pre,1,1190
ARIA_Pre_WBC-Malignant-Pre-032.png,Pre,1,1195
ARIA_Pre_WBC-Malignant-Pre-033.png,Pre,1,1190
ARIA_Pre_WBC-Malignant-Pre-034.png,Pre,1,1196
ARIA_Pre_WBC-Malignant-Pre-035.png,Pre,1,1197
ARIA_Pre_WBC-Malignant-Pre-036.png,Pre,1,1198
ARIA_Pre_WBC-Malignant-Pre-037.png,Pre,1,1199
ARIA_Pre_WBC-Malignant-Pre-038.png,Pre,1,1200
ARIA_Pre_WBC-Malignant-Pre-039.png,Pre,1,1201
ARIA_Pre_WBC-Malignant-Pre-040.png,Pre,1,1202
ARIA_Pre_WBC-Malignant-Pre-041.png,Pre,1,1203
ARIA_Pre_WBC-Malignant-Pre-042.png,Pre,1,1204
ARIA_Pre_WBC-Malignant-Pre-043.png,Pre,1,1205
ARIA_Pre_WBC-Malignant-Pre-044.png,Pre,1,1206
ARIA_Pre_WBC-Malignant-Pre-045.png,Pre,1,1207
ARIA_Pre_WBC-Malignant-Pre-046.png,Pre,1,1208
ARIA_Pre_WBC-Malignant-Pre-047.png,Pre,1,1209
ARIA_Pre_WBC-Malignant-Pre-048.png,Pre,1,1210
ARIA_Pre_WBC-Malignant-Pre-049.png,Pre,1,1211
ARIA_Pre_WBC-Malignant-Pre-050.png,Pre,1,1212
ARIA_Pre_WBC-Malignant-Pre-051.png,Pre,1,1213
ARIA_Pre_WBC-Malignant-Pre-052.png,Pre,1,1212
ARIA_Pre_WBC-Malignant-Pre-053.png,Pre,1,1214
ARIA_Pre_WBC-Malignant-Pre-054.png,Pre,1,1212
ARIA_Pre_WBC-Malignant-Pre-055.png,Pre,1,1215
ARIA_Pre_WBC-Malignant-Pre-056.png,Pre,1,1216
ARIA_Pre_WBC-Malignant-Pre-057.png,Pre,1,1217
ARIA_Pre_WBC-Malignant-Pre-058.png,Pre,1,1218
ARIA_Pre_WBC-Malignant-Pre-059.png,Pre,1,1217
ARIA_Pre_WBC-Malignant-Pre-060.png,Pre,1,1219
ARIA_Pre_WBC-Malignant-Pre-061.png,Pre,1,1220
ARIA_Pre_WBC-Malignant-Pre-062.png,Pre,1,1221
ARIA_Pre_WBC-Malignant-Pre-063.png,Pre,1,1220
ARIA_Pre_WBC-Malignant-Pre-064.png,Pre,1,1222
ARIA_Pre_WBC-Malignant-Pre-065.png,Pre,1,1223
ARIA_Pre_WBC-Malignant-Pre-066.png,Pre,1,1222
ARIA_Pre_WBC-Malignant-Pre-067.png,Pre,1,1224
ARIA_Pre_WBC-Malignant-Pre-068.png,Pre,1,1225
ARIA_Pre_WBC-Malignant-Pre-069.png,Pre,1,1224
ARIA_Pre_WBC-Malignant-Pre-070.png,Pre,1,1225
ARIA_Pre_WBC-Malignant-Pre-071.png,Pre,1,1226
ARIA_Pre_WBC-Malignant-Pre-072.png,Pre,1,1227
ARIA_Pre_WBC-Malignant-Pre-073.png,Pre,1,1228
ARIA_Pre_WBC-Malignant-Pre-074.png,Pre,1,1229
ARIA_Pre_WBC-Malignant-Pre-075.png,Pre,1,1230
ARIA_Pre_WBC-Malignant-Pre-076.png,Pre,1,1231
ARIA_Pre_WBC-Malignant-Pre-077.png,Pre,1,1232
ARIA_Pre_WBC-Malignant-Pre-078.png,Pre,1,1233
ARIA_Pre_WBC-Malignant-Pre-079.png,Pre,1,1232
ARIA_Pre_WBC-Malignant-Pre-080.png,Pre,1,1234
ARIA_Pre_WBC-Malignant-Pre-081.png,Pre,1,1235
ARIA_Pre_WBC-Malignant-Pre-082.png,Pre,1,1236
ARIA_Pre_WBC-Malignant-Pre-083.png,Pre,1,1237
ARIA_Pre_WBC-Malignant-Pre-084.png,Pre,1,1238
ARIA_Pre_WBC-Malignant-Pre-085.png,Pre,1,1239
ARIA_Pre_WBC-Malignant-Pre-086.png,Pre,1,1240
ARIA_Pre_WBC-Malignant-Pre-087.png,Pre,1,1239
ARIA_Pre_WBC-Malignant-Pre-088.png,Pre,1,1241
ARIA_Pre_WBC-Malignant-Pre-089.png,Pre,1,1242
ARIA_Pre_WBC-Malignant-Pre-090.png,Pre,1,1241
ARIA_Pre_WBC-Malignant-Pre-091.png,Pre,1,1243
ARIA_Pre_WBC-Malignant-Pre-092.png,Pre,1,1244
ARIA_Pre_WBC-Malignant-Pre-093.png,Pre,1,1243
ARIA_Pre_WBC-Malignant-Pre-094.png,Pre,1,1244
ARIA_Pre_WBC-Malignant-Pre-095.png,Pre,1,1245
ARIA_Pre_WBC-Malignant-Pre-096.png,Pre,1,1246
ARIA_Pre_WBC-Malignant-Pre-097.png,Pre,1,1247
ARIA_Pre_WBC-Malignant-Pre-098.png,Pre,1,1248
ARIA_Pre_WBC-Malignant-Pre-099.png,Pre,1,1249
ARIA_Pre_WBC-Malignant-Pre-100.png,Pre,1,1250
ARIA_Pre_WBC-Malignant-Pre-101.png,Pre,1,1251
ARIA_Pre_WBC-Malignant-Pre-102.png,Pre,1,1252
ARIA_Pre_WBC-Malignant-Pre-103.png,Pre,1,1253
ARIA_Pre_WBC-Malignant-Pre-104.png,Pre,1,1254
ARIA_Pre_WBC-Malignant-Pre-105.png,Pre,1,1255
ARIA_Pre_WBC-Malignant-Pre-106.png,Pre,1,1256
ARIA_Pre_WBC-Malignant-Pre-107.png,Pre,1,1255
ARIA_Pre_WBC-Malignant-Pre-108.png,Pre,1,1257
ARIA_Pre_WBC-Malignant-Pre-109.png,Pre,1,1258
ARIA_Pre_WBC-Malignant-Pre-110.png,Pre,1,1259
ARIA_Pre_WBC-Malignant-Pre-111.png,Pre,1,1260
ARIA_Pre_WBC-Malignant-Pre-112.png,Pre,1,1261
ARIA_Pre_WBC-Malignant-Pre-113.png,Pre,1,1262
ARIA_Pre_WBC-Malignant-Pre-114.png,Pre,1,1261
ARIA_Pre_WBC-Malignant-Pre-115.png,Pre,1,1263
ARIA_Pre_WBC-Malignant-Pre-116.png,Pre,1,1264
ARIA_Pre_WBC-Malignant-Pre-117.png,Pre,1,1258
ARIA_Pre_WBC-Malignant-Pre-118.png,Pre,1,1265
ARIA_Pre_WBC-Malignant-Pre-119.png,Pre,1,1260
ARIA_Pre_WBC-Malignant-Pre-120.png,Pre,1,1260
ARIA_Pre_WBC-Malignant-Pre-121.png,Pre,1,1266
ARIA_Pre_WBC-Malignant-Pre-122.png,Pre,1,1260
ARIA_Pre_WBC-Malignant-Pre-123.png,Pre,1,1267
ARIA_Pre_WBC-Malignant-Pre-124.png,Pre,1,1260
ARIA_Pre_WBC-Malignant-Pre-125.png,Pre,1,1267
ARIA_Pre_WBC-Malignant-Pre-126.png,Pre,1,1268
ARIA_Pre_WBC-Malignant-Pre-127.png,Pre,1,1269
ARIA_Pre_WBC-Malignant-Pre-128.png,Pre,1,1268
ARIA_Pre_WBC-Malignant-Pre-129.png,Pre,1,1270
ARIA_Pre_WBC-Malignant-Pre-130.png,Pre,1,1271
ARIA_Pre_WBC-Malignant-Pre-131.png,Pre,1,1272
ARIA_Pre_WBC-Malignant-Pre-132.png,Pre,1,1273
ARIA_Pre_WBC-Malignant-Pre-133.png,Pre,1,1272
ARIA_Pre_WBC-Malignant-Pre-134.png,Pre,1,1274
ARIA_Pre_WBC-Malignant-Pre-135.png,Pre,1,1275
ARIA_Pre_WBC-Malignant-Pre-136.png,Pre,1,1276
ARIA_Pre_WBC-Malignant-Pre-137.png,Pre,1,1277
ARIA_Pre_WBC-Malignant-Pre-138.png,Pre,1,1278
ARIA_Pre_WBC-Malignant-Pre-139.png,Pre,1,1248
ARIA_Pre_WBC-Malignant-Pre-140.png,Pre,1,1278
ARIA_Pre_WBC-Malignant-Pre-141.png,Pre,1,1250
ARIA_Pre_WBC-Malignant-Pre-142.png,Pre,1,1278
ARIA_Pre_WBC-Malignant-Pre-143.png,Pre,1,1279
ARIA_Pre_WBC-Malignant-Pre-144.png,Pre,1,1280
ARIA_Pre_WBC-Malignant-Pre-145.png,Pre,1,1281
ARIA_Pre_WBC-Malignant-Pre-146.png,Pre,1,1282
ARIA_Pre_WBC-Malignant-Pre-147.png,Pre,1,1283
ARIA_Pre_WBC-Malignant-Pre-148.png,Pre,1,1282
ARIA_Pre_WBC-Malignant-Pre-149.png,Pre,1,1284
ARIA_Pre_WBC-Malignant-Pre-150.png,Pre,1,1285
ARIA_Pre_WBC-Malignant-Pre-151.png,Pre,1,1286
ARIA_Pre_WBC-Malignant-Pre-152.png,Pre,1,1287
ARIA_Pre_WBC-Malignant-Pre-153.png,Pre,1,1288
ARIA_Pre_WBC-Malignant-Pre-154.png,Pre,1,1289
ARIA_Pre_WBC-Malignant-Pre-155.png,Pre,1,1284
ARIA_Pre_WBC-Malignant-Pre-156.png,Pre,1,1289
ARIA_Pre_WBC-Malignant-Pre-157.png,Pre,1,1283
ARIA_Pre_WBC-Malignant-Pre-158.png,Pre,1,1290
ARIA_Pre_WBC-Malignant-Pre-159.png,Pre,1,1283
ARIA_Pre_WBC-Malignant-Pre-160.png,Pre,1,1291
ARIA_Pre_WBC-Malignant-Pre-161.png,Pre,1,1292
ARIA_Pre_WBC-Malignant-Pre-162.png,Pre,1,1293
ARIA_Pre_WBC-Malignant-Pre-163.png,Pre,1,1294
ARIA_Pre_WBC-Malignant-Pre-164.png,Pre,1,1291
ARIA_Pre_WBC-Malignant-Pre-165.png,Pre,1,1295
ARIA_Pre_WBC-Malignant-Pre-166.png,Pre,1,1291
ARIA_Pre_WBC-Malignant-Pre-167.png,Pre,1,1296
ARIA_Pre_WBC-Malignant-Pre-168.png,Pre,1,1297
ARIA_Pre_WBC-Malignant-Pre-169.png,Pre,1,1298
ARIA_Pre_WBC-Malignant-Pre-170.png,Pre,1,1297
ARIA_Pre_WBC-Malignant-Pre-171.png,Pre,1,1299
ARIA_Pre_WBC-Malignant-Pre-172.png,Pre,1,1297
ARIA_Pre_WBC-Malignant-Pre-173.png,Pre,1,1300
ARIA_Pre_WBC-Malignant-Pre-174.png,Pre,1,1301
ARIA_Pre_WBC-Malignant-Pre-175.png,Pre,1,1302
ARIA_Pre_WBC-Malignant-Pre-176.png,Pre,1,1303
ARIA_Pre_WBC-Malignant-Pre-177.png,Pre,1,1304
ARIA_Pre_WBC-Malignant-Pre-178.png,Pre,1,1305
ARIA_Pre_WBC-Malignant-Pre-179.png,Pre,1,1304
ARIA_Pre_WBC-Malignant-Pre-180.png,Pre,1,1306
ARIA_Pre_WBC-Malignant-Pre-181.png,Pre,1,1307
ARIA_Pre_WBC-Malignant-Pre-182.png,Pre,1,1308
ARIA_Pre_WBC-Malignant-Pre-183.png,Pre,1,1309
ARIA_Pre_WBC-Malignant-Pre-184.png,Pre,1,1310
ARIA_Pre_WBC-Malignant-Pre-185.png,Pre,1,1311
ARIA_Pre_WBC-Malignant-Pre-186.png,Pre,1,1312
ARIA_Pre_WBC-Malignant-Pre-187.png,Pre,1,1311
ARIA_Pre_WBC-Malignant-Pre-188.png,Pre,1,1312
ARIA_Pre_WBC-Malignant-Pre-189.png,Pre,1,1311
ARIA_Pre_WBC-Malignant-Pre-190.png,Pre,1,1313
ARIA_Pre_WBC-Malignant-Pre-191.png,Pre,1,1311
ARIA_Pre_WBC-Malignant-Pre-192.png,Pre,1,1314
ARIA_Pre_WBC-Malignant-Pre-193.png,Pre,1,1311
ARIA_Pre_WBC-Malignant-Pre-194.png,Pre,1,1315
ARIA_Pre_WBC-Malignant-Pre-195.png,Pre,1,1311
ARIA_Pre_WBC-Malignant-Pre-196.png,Pre,1,1316
ARIA_Pre_WBC-Malignant-Pre-197.png,Pre,1,1317
ARIA_Pre_WBC-Malignant-Pre-198.png,Pre,1,1318
ARIA_Pre_WBC-Malignant-Pre-199.png,Pre,1,1319
ARIA_Pre_WBC-Malignant-Pre-200.png,Pre,1,1320
ARIA_Pre_WBC-Malignant-Pre-201.png,Pre,1,1321
ARIA_Pre_WBC-Malignant-Pre-202.png,Pre,1,1320
ARIA_Pre_WBC-Malignant-Pre-203.png,Pre,1,1322
ARIA_Pre_WBC-Malignant-Pre-204.png,Pre,1,1320
ARIA_Pre_WBC-Malignant-Pre-205.png,Pre,1,1322
ARIA_Pre_WBC-Malignant-Pre-206.png,Pre,1,1323
ARIA_Pre_WBC-Malignant-Pre-207.png,Pre,1,1324
ARIA_Pre_WBC-Malignant-Pre-208.png,Pre,1,1320
ARIA_Pre_WBC-Malignant-Pre-209.png,Pre,1,1325
ARIA_Pre_WBC-Malignant-Pre-210.png,Pre,1,1326
ARIA_Pre_WBC-Malignant-Pre-211.png,Pre,1,1327
ARIA_Pre_WBC-Malignant-Pre-212.png,Pre,1,1328
ARIA_Pre_WBC-Malignant-Pre-213.png,Pre,1,1329
ARIA_Pre_WBC-Malignant-Pre-214.png,Pre,1,1330
ARIA_Pre_WBC-Malignant-Pre-215.png,Pre,1,1331
ARIA_Pre_WBC-Malignant-Pre-216.png,Pre,1,1332
ARIA_Pre_WBC-Malignant-Pre-217.png,Pre,1,1333
ARIA_Pre_WBC-Malignant-Pre-218.png,Pre,1,1334
ARIA_Pre_WBC-Malignant-Pre-219.png,Pre,1,1335
ARIA_Pre_WBC-Malignant-Pre-220.png,Pre,1,1336
ARIA_Pre_WBC-Malignant-Pre-221.png,Pre,1,1337
ARIA_Pre_WBC-Malignant-Pre-222.png,Pre,1,1338
ARIA_Pre_WBC-Malignant-Pre-223.png,Pre,1,1339
ARIA_Pre_WBC-Malignant-Pre-224.png,Pre,1,1338
ARIA_Pre_WBC-Malignant-Pre-225.png,Pre,1,1340
ARIA_Pre_WBC-Malignant-Pre-226.png,Pre,1,1341
ARIA_Pre_WBC-Malignant-Pre-227.png,Pre,1,1342
ARIA_Pre_WBC-Malignant-Pre-228.png,Pre,1,1343
ARIA_Pre_WBC-Malignant-Pre-229.png,Pre,1,1344
ARIA_Pre_WBC-Malignant-Pre-230.png,Pre,1,1345
ARIA_Pre_WBC-Malignant-Pre-231.png,Pre,1,1344
ARIA_Pre_WBC-Malignant-Pre-232.png,Pre,1,1346
ARIA_Pre_WBC-Malignant-Pre-233.png,Pre,1,1347
ARIA_Pre_WBC-Malignant-Pre-234.png,Pre,1,1346
ARIA_Pre_WBC-Malignant-Pre-235.png,Pre,1,1348
ARIA_Pre_WBC-Malignant-Pre-236.png,Pre,1,1349
ARIA_Pre_WBC-Malignant-Pre-237.png,Pre,1,1350
ARIA_Pre_WBC-Malignant-Pre-238.png,Pre,1,1351
ARIA_Pre_WBC-Malignant-Pre-239.png,Pre,1,1352
ARIA_Pre_WBC-Malignant-Pre-240.png,Pre,1,1351
ARIA_Pre_WBC-Malignant-Pre-241.png,Pre,1,1353
ARIA_Pre_WBC-Malignant-Pre-242.png,Pre,1,1354
ARIA_Pre_WBC-Malignant-Pre-243.png,Pre,1,1355
ARIA_Pre_WBC-Malignant-Pre-244.png,Pre,1,1354
ARIA_Pre_WBC-Malignant-Pre-245.png,Pre,1,1356
ARIA_Pre_WBC-Malignant-Pre-246.png,Pre,1,1354
ARIA_Pre_WBC-Malignant-Pre-247.png,Pre,1,1357
ARIA_Pre_WBC-Malignant-Pre-248.png,Pre,1,1354
ARIA_Pre_WBC-Malignant-Pre-249.png,Pre,1,1358
ARIA_Pre_WBC-Malignant-Pre-250.png,Pre,1,1354
ARIA_Pre_WBC-Malignant-Pre-251.png,Pre,1,1357
ARIA_Pre_WBC-Malignant-Pre-252.png,Pre,1,1359
ARIA_Pre_WBC-Malignant-Pre-253.png,Pre,1,1360
ARIA_Pre_WBC-Malignant-Pre-254.png,Pre,1,1359
ARIA_Pre_WBC-Malignant-Pre-255.png,Pre,1,1360
ARIA_Pre_WBC-Malignant-Pre-256.png,Pre,1,1359
ARIA_Pre_WBC-Malignant-Pre-257.png,Pre,1,1361
ARIA_Pre_WBC-Malignant-Pre-258.png,Pre,1,1362
ARIA_Pre_WBC-Malignant-Pre-259.png,Pre,1,1363
ARIA_Pre_WBC-Malignant-Pre-260.png,Pre,1,1364
ARIA_Pre_WBC-Malignant-Pre-261.png,Pre,1,1365
ARIA_Pre_WBC-Malignant-Pre-262.png,Pre,1,1366
ARIA_Pre_WBC-Malignant-Pre-263.png,Pre,1,1367
ARIA_Pre_WBC-Malignant-Pre-264.png,Pre,1,1368
ARIA_Pre_WBC-Malignant-Pre-265.png,Pre,1,1369
ARIA_Pre_WBC-Malignant-Pre-266.png,Pre,1,1368
ARIA_Pre_WBC-Malignant-Pre-267.png,Pre,1,1369
ARIA_Pre_WBC-Malignant-Pre-268.png,Pre,1,1370
ARIA_Pre_WBC-Malignant-Pre-269.png,Pre,1,1371
ARIA_Pre_WBC-Malignant-Pre-270.png,Pre,1,1372
ARIA_Pre_WBC-Malignant-Pre-271.png,Pre,1,1373
ARIA_Pre_WBC-Malignant-Pre-272.png,Pre,1,1372
ARIA_Pre_WBC-Malignant-Pre-273.png,Pre,1,1374
ARIA_Pre_WBC-Malignant-Pre-274.png,Pre,1,1372
ARIA_Pre_WBC-Malignant-Pre-275.png,Pre,1,1375
ARIA_Pre_WBC-Malignant-Pre-276.png,Pre,1,1375
ARIA_Pre_WBC-Malignant-Pre-277.png,Pre,1,1375
ARIA_Pre_WBC-Malignant-Pre-278.png,Pre,1,1375
ARIA_Pre_WBC-Malignant-Pre-279.png,Pre,1,1375
ARIA_Pre_WBC-Malignant-Pre-280.png,Pre,1,1375
ARIA_Pre_WBC-Malignant-Pre-281.png,Pre,1,1376
ARIA_Pre_WBC-Malignant-Pre-282.png,Pre,1,1376
ARIA_Pre_WBC-Malignant-Pre-283.png,Pre,1,1376
ARIA_Pre_WBC-Malignant-Pre-284.png,Pre,1,1376
ARIA_Pre_WBC-Malignant-Pre-285.png,Pre,1,1376
ARIA_Pre_WBC-Malignant-Pre-286.png,Pre,1,1376
ARIA_Pre_WBC-Malignant-Pre-287.png,Pre,1,1377
ARIA_Pre_WBC-Malignant-Pre-288.png,Pre,1,1377
ARIA_Pre_WBC-Malignant-Pre-289.png,Pre,1,1377
ARIA_Pre_WBC-Malignant-Pre-290.png,Pre,1,1378
ARIA_Pre_WBC-Malignant-Pre-291.png,Pre,1,1379
ARIA_Pre_WBC-Malignant-Pre-292.png,Pre,1,1379
ARIA_Pre_WBC-Malignant-Pre-293.png,Pre,1,1380
ARIA_Pre_WBC-Malignant-Pre-294.png,Pre,1,1380
ARIA_Pre_WBC-Malignant-Pre-295.png,Pre,1,1381
ARIA_Pre_WBC-Malignant-Pre-296.png,Pre,1,1382
ARIA_Pre_WBC-Malignant-Pre-297.png,Pre,1,1382
ARIA_Pre_WBC-Malignant-Pre-298.png,Pre,1,1383
ARIA_Pre_WBC-Malignant-Pre-299.png,Pre,1,1384
ARIA_Pre_WBC-Malignant-Pre-300.png,Pre,1,1384
ARIA_Pre_WBC-Malignant-Pre-301.png,Pre,1,1385
ARIA_Pre_WBC-Malignant-Pre-302.png,Pre,1,1385
ARIA_Pre_WBC-Malignant-Pre-303.png,Pre,1,1385
ARIA_Pre_WBC-Malignant-Pre-304.png,Pre,1,1386
ARIA_Pre_WBC-Malignant-Pre-305.png,Pre,1,1387
ARIA_Pre_WBC-Malignant-Pre-306.png,Pre,1,1387
ARIA_Pre_WBC-Malignant-Pre-307.png,Pre,1,1387
ARIA_Pre_WBC-Malignant-Pre-308.png,Pre,1,1387
ARIA_Pre_WBC-Malignant-Pre-309.png,Pre,1,1387
ARIA_Pre_WBC-Malignant-Pre-310.png,Pre,1,1387
ARIA_Pre_WBC-Malignant-Pre-311.png,Pre,1,1388
ARIA_Pre_WBC-Malignant-Pre-312.png,Pre,1,1388
ARIA_Pre_WBC-Malignant-Pre-313.png,Pre,1,1388
ARIA_Pre_WBC-Malignant-Pre-314.png,Pre,1,1388
ARIA_Pre_WBC-Malignant-Pre-315.png,Pre,1,1388
ARIA_Pre_WBC-Malignant-Pre-316.png,Pre,1,1388
ARIA_Pre_WBC-Malignant-Pre-317.png,Pre,1,1388
ARIA_Pre_WBC-Malignant-Pre-318.png,Pre,1,1388
ARIA_Pre_WBC-Malignant-Pre-319.png,Pre,1,1388
ARIA_Pre_WBC-Malignant-Pre-320.png,Pre,1,1389
ARIA_Pre_WBC-Malignant-Pre-321.png,Pre,1,1389
ARIA_Pre_WBC-Malignant-Pre-322.png,Pre,1,1390
ARIA_Pre_WBC-Malignant-Pre-323.png,Pre,1,1391
ARIA_Pre_WBC-Malignant-Pre-324.png,Pre,1,1391
ARIA_Pre_WBC-Malignant-Pre-325.png,Pre,1,1391
ARIA_Pre_WBC-Malignant-Pre-326.png,Pre,1,1391
ARIA_Pre_WBC-Malignant-Pre-327.png,Pre,1,1391
ARIA_Pre_WBC-Malignant-Pre-328.png,Pre,1,1392
ARIA_Pre_WBC-Malignant-Pre-329.png,Pre,1,1393
ARIA_Pre_WBC-Malignant-Pre-330.png,Pre,1,1393
ARIA_Pre_WBC-Malignant-Pre-331.png,Pre,1,1393
ARIA_Pre_WBC-Malignant-Pre-332.png,Pre,1,1393
ARIA_Pre_WBC-Malignant-Pre-333.png,Pre,1,1393
ARIA_Pre_WBC-Malignant-Pre-334.png,Pre,1,1394
ARIA_Pre_WBC-Malignant-Pre-335.png,Pre,1,1394
ARIA_Pre_WBC-Malignant-Pre-336.png,Pre,1,1394
ARIA_Pre_WBC-Malignant-Pre-337.png,Pre,1,1394
ARIA_Pre_WBC-Malignant-Pre-338.png,Pre,1,1394
ARIA_Pre_WBC-Malignant-Pre-339.png,Pre,1,1394
ARIA_Pre_WBC-Malignant-Pre-340.png,Pre,1,1394
ARIA_Pre_WBC-Malignant-Pre-341.png,Pre,1,1395
ARIA_Pre_WBC-Malignant-Pre-342.png,Pre,1,1395
ARIA_Pre_WBC-Malignant-Pre-343.png,Pre,1,1395
ARIA_Pre_WBC-Malignant-Pre-344.png,Pre,1,1395
ARIA_Pre_WBC-Malignant-Pre-345.png,Pre,1,1395
ARIA_Pre_WBC-Malignant-Pre-346.png,Pre,1,1395
ARIA_Pre_WBC-Malignant-Pre-347.png,Pre,1,1395
ARIA_Pre_WBC-Malignant-Pre-348.png,Pre,1,1396
ARIA_Pre_WBC-Malignant-Pre-349.png,Pre,1,1396
ARIA_Pre_WBC-Malignant-Pre-350.png,Pre,1,1397
ARIA_Pre_WBC-Malignant-Pre-351.png,Pre,1,1397
ARIA_Pre_WBC-Malignant-Pre-352.png,Pre,1,1397
ARIA_Pre_WBC-Malignant-Pre-353.png,Pre,1,1397
ARIA_Pre_WBC-Malignant-Pre-354.png,Pre,1,1398
ARIA_Pre_WBC-Malignant-Pre-355.png,Pre,1,1398
ARIA_Pre_WBC-Malignant-Pre-356.png,Pre,1,1398
ARIA_Pre_WBC-Malignant-Pre-357.png,Pre,1,1398
ARIA_Pre_WBC-Malignant-Pre-358.png,Pre,1,1398
ARIA_Pre_WBC-Malignant-Pre-359.png,Pre,1,1398
ARIA_Pre_WBC-Malignant-Pre-360.png,Pre,1,1398
ARIA_Pre_WBC-Malignant-Pre-361.png,Pre,1,1399
ARIA_Pre_WBC-Malignant-Pre-362.png,Pre,1,1399
ARIA_Pre_WBC-Malignant-Pre-363.png,Pre,1,1399
ARIA_Pre_WBC-Malignant-Pre-364.png,Pre,1,1399
ARIA_Pre_WBC-Malignant-Pre-365.png,Pre,1,1399
ARIA_Pre_WBC-Malignant-Pre-366.png,Pre,1,1399
ARIA_Pre_WBC-Malignant-Pre-367.png,Pre,1,1399
ARIA_Pre_WBC-Malignant-Pre-368.png,Pre,1,1399
ARIA_Pre_WBC-Malignant-Pre-369.png,Pre,1,1399
ARIA_Pre_WBC-Malignant-Pre-370.png,Pre,1,1399
ARIA_Pre_WBC-Malignant-Pre-371.png,Pre,1,1399
ARIA_Pre_WBC-Malignant-Pre-372.png,Pre,1,1400
ARIA_Pre_WBC-Malignant-Pre-373.png,Pre,1,1400
ARIA_Pre_WBC-Malignant-Pre-374.png,Pre,1,1400
ARIA_Pre_WBC-Malignant-Pre-375.png,Pre,1,1401
ARIA_Pre_WBC-Malignant-Pre-376.png,Pre,1,1402
ARIA_Pre_WBC-Malignant-Pre-377.png,Pre,1,1403
ARIA_Pre_WBC-Malignant-Pre-378.png,Pre,1,1403
ARIA_Pre_WBC-Malignant-Pre-379.png,Pre,1,1404
ARIA_Pre_WBC-Malignant-Pre-380.png,Pre,1,1405
ARIA_Pre_WBC-Malignant-Pre-381.png,Pre,1,1406
ARIA_Pre_WBC-Malignant-Pre-382.png,Pre,1,1406
ARIA_Pre_WBC-Malignant-Pre-383.png,Pre,1,1406
ARIA_Pre_WBC-Malignant-Pre-384.png,Pre,1,1406
ARIA_Pre_WBC-Malignant-Pre-385.png,Pre,1,1406
ARIA_Pre_WBC-Malignant-Pre-386.png,Pre,1,1407
ARIA_Pre_WBC-Malignant-Pre-387.png,Pre,1,1407
ARIA_Pre_WBC-Malignant-Pre-388.png,Pre,1,1408
ARIA_Pre_WBC-Malignant-Pre-389.png,Pre,1,1409
ARIA_Pre_WBC-Malignant-Pre-390.png,Pre,1,1410
ARIA_Pre_WBC-Malignant-Pre-391.png,Pre,1,1411
ARIA_Pre_WBC-Malignant-Pre-392.png,Pre,1,1412
ARIA_Pre_WBC-Malignant-Pre-393.png,Pre,1,1413
ARIA_Pre_WBC-Malignant-Pre-394.png,Pre,1,1414
ARIA_Pre_WBC-Malignant-Pre-395.png,Pre,1,1414
ARIA_Pre_WBC-Malignant-Pre-396.png,Pre,1,1414
ARIA_Pre_WBC-Malignant-Pre-397.png,Pre,1,1414
ARIA_Pre_WBC-Malignant-Pre-398.png,Pre,1,1414
ARIA_Pre_WBC-Malignant-Pre-399.png,Pre,1,1414
ARIA_Pre_WBC-Malignant-Pre-400.png,Pre,1,1415
ARIA_Pre_WBC-Malignant-Pre-401.png,Pre,1,1415
ARIA_Pre_WBC-Malignant-Pre-402.png,Pre,1,1415
ARIA_Pre_WBC-Malignant-Pre-403.png,Pre,1,1415
ARIA_Pre_WBC-Malignant-Pre-404.png,Pre,1,1416
ARIA_Pre_WBC-Malignant-Pre-405.png,Pre,1,1416
ARIA_Pre_WBC-Malignant-Pre-406.png,Pre,1,1416
ARIA_Pre_WBC-Malignant-Pre-407.png,Pre,1,1416
ARIA_Pre_WBC-Malignant-Pre-408.png,Pre,1,1416
ARIA_Pre_WBC-Malignant-Pre-409.png,Pre,1,1416
ARIA_Pre_WBC-Malignant-Pre-410.png,Pre,1,1416
ARIA_Pre_WBC-Malignant-Pre-411.png,Pre,1,1416
ARIA_Pre_WBC-Malignant-Pre-412.png,Pre,1,1417
ARIA_Pre_WBC-Malignant-Pre-413.png,Pre,1,1418
ARIA_Pre_WBC-Malignant-Pre-414.png,Pre,1,1419
ARIA_Pre_WBC-Malignant-Pre-415.png,Pre,1,1420
ARIA_Pre_WBC-Malignant-Pre-416.png,Pre,1,1421
ARIA_Pre_WBC-Malignant-Pre-417.png,Pre,1,1421
ARIA_Pre_WBC-Malignant-Pre-418.png,Pre,1,1421
ARIA_Pre_WBC-Malignant-Pre-419.png,Pre,1,1422
ARIA_Pre_WBC-Malignant-Pre-420.png,Pre,1,1422
ARIA_Pre_WBC-Malignant-Pre-421.png,Pre,1,1423
ARIA_Pre_WBC-Malignant-Pre-422.png,Pre,1,1423
ARIA_Pre_WBC-Malignant-Pre-423.png,Pre,1,1424
ARIA_Pre_WBC-Malignant-Pre-424.png,Pre,1,1424
ARIA_Pre_WBC-Malignant-Pre-425.png,Pre,1,1425
ARIA_Pre_WBC-Malignant-Pre-426.png,Pre,1,1426
ARIA_Pre_WBC-Malignant-Pre-427.png,Pre,1,1426
ARIA_Pre_WBC-Malignant-Pre-428.png,Pre,1,1427
ARIA_Pre_WBC-Malignant-Pre-429.png,Pre,1,1427
ARIA_Pre_WBC-Malignant-Pre-430.png,Pre,1,1427
ARIA_Pre_WBC-Malignant-Pre-431.png,Pre,1,1427
ARIA_Pre_WBC-Malignant-Pre-432.png,Pre,1,1428
ARIA_Pre_WBC-Malignant-Pre-433.png,Pre,1,1428
ARIA_Pre_WBC-Malignant-Pre-434.png,Pre,1,1428
ARIA_Pre_WBC-Malignant-Pre-435.png,Pre,1,1428
ARIA_Pre_WBC-Malignant-Pre-436.png,Pre,1,1428
ARIA_Pre_WBC-Malignant-Pre-437.png,Pre,1,1429
ARIA_Pre_WBC-Malignant-Pre-438.png,Pre,1,1430
ARIA_Pre_WBC-Malignant-Pre-439.png,Pre,1,1431
ARIA_Pre_WBC-Malignant-Pre-440.png,Pre,1,1432
ARIA_Pre_WBC-Malignant-Pre-441.png,Pre,1,1432
ARIA_Pre_WBC-Malignant-Pre-442.png,Pre,1,1433
ARIA_Pre_WBC-Malignant-Pre-443.png,Pre,1,1434
ARIA_Pre_WBC-Malignant-Pre-444.png,Pre,1,1434
ARIA_Pre_WBC-Malignant-Pre-445.png,Pre,1,1434
ARIA_Pre_WBC-Malignant-Pre-446.png,Pre,1,1434
ARIA_Pre_WBC-Malignant-Pre-447.png,Pre,1,1434
ARIA_Pre_WBC-Malignant-Pre-448.png,Pre,1,1435
ARIA_Pre_WBC-Malignant-Pre-449.png,Pre,1,1435
ARIA_Pre_WBC-Malignant-Pre-450.png,Pre,1,1436
ARIA_Pre_WBC-Malignant-Pre-451.png,Pre,1,1437
ARIA_Pre_WBC-Malignant-Pre-452.png,Pre,1,1437
ARIA_Pre_WBC-Malignant-Pre-453.png,Pre,1,1437
ARIA_Pre_WBC-Malignant-Pre-454.png,Pre,1,1438
ARIA_Pre_WBC-Malignant-Pre-455.png,Pre,1,1439
ARIA_Pre_WBC-Malignant-Pre-456.png,Pre,1,1440
ARIA_Pre_WBC-Malignant-Pre-457.png,Pre,1,1440
ARIA_Pre_WBC-Malignant-Pre-458.png,Pre,1,1441
ARIA_Pre_WBC-Malignant-Pre-459.png,Pre,1,1442
ARIA_Pre_WBC-Malignant-Pre-460.png,Pre,1,1443
ARIA_Pre_WBC-Malignant-Pre-461.png,Pre,1,1443
ARIA_Pre_WBC-Malignant-Pre-462.png,Pre,1,1443
ARIA_Pre_WBC-Malignant-Pre-463.png,Pre,1,1444
ARIA_Pre_WBC-Malignant-Pre-464.png,Pre,1,1445
ARIA_Pre_WBC-Malignant-Pre-465.png,Pre,1,1446
ARIA_Pre_WBC-Malignant-Pre-466.png,Pre,1,1447
ARIA_Pre_WBC-Malignant-Pre-467.png,Pre,1,1448
ARIA_Pre_WBC-Malignant-Pre-468.png,Pre,1,1448
ARIA_Pre_WBC-Malignant-Pre-469.png,Pre,1,1448
ARIA_Pre_WBC-Malignant-Pre-470.png,Pre,1,1449
ARIA_Pre_WBC-Malignant-Pre-471.png,Pre,1,1449
ARIA_Pre_WBC-Malignant-Pre-472.png,Pre,1,1450
ARIA_Pre_WBC-Malignant-Pre-473.png,Pre,1,1451
ARIA_Pre_WBC-Malignant-Pre-474.png,Pre,1,1451
ARIA_Pre_WBC-Malignant-Pre-475.png,Pre,1,1452
ARIA_Pre_WBC-Malignant-Pre-476.png,Pre,1,1453
ARIA_Pre_WBC-Malignant-Pre-477.png,Pre,1,1454
ARIA_Pre_WBC-Malignant-Pre-478.png,Pre,1,1454
ARIA_Pre_WBC-Malignant-Pre-479.png,Pre,1,1454
ARIA_Pre_WBC-Malignant-Pre-480.png,Pre,1,1454
ARIA_Pre_WBC-Malignant-Pre-481.png,Pre,1,1454
ARIA_Pre_WBC-Malignant-Pre-482.png,Pre,1,1455
ARIA_Pre_WBC-Malignant-Pre-483.png,Pre,1,1455
ARIA_Pre_WBC-Malignant-Pre-484.png,Pre,1,1455
ARIA_Pre_WBC-Malignant-Pre-485.png,Pre,1,1456
ARIA_Pre_WBC-Malignant-Pre-486.png,Pre,1,1456
ARIA_Pre_WBC-Malignant-Pre-487.png,Pre,1,1456
ARIA_Pre_WBC-Malignant-Pre-488.png,Pre,1,1456
ARIA_Pre_WBC-Malignant-Pre-489.png,Pre,1,1456
ARIA_Pre_WBC-Malignant-Pre-490.png,Pre,1,1456
ARIA_Pre_WBC-Malignant-Pre-491.png,Pre,1,1456
ARIA_Pre_WBC-Malignant-Pre-492.png,Pre,1,1457
ARIA_Pre_WBC-Malignant-Pre-493.png,Pre,1,1457
ARIA_Pre_WBC-Malignant-Pre-494.png,Pre,1,1457
ARIA_Pre_WBC-Malignant-Pre-495.png,Pre,1,1458
ARIA_Pre_WBC-Malignant-Pre-496.png,Pre,1,1459
ARIA_Pre_WBC-Malignant-Pre-497.png,Pre,1,1460
ARIA_Pre_WBC-Malignant-Pre-498.png,Pre,1,1461
ARIA_Pre_WBC-Malignant-Pre-499.png,Pre,1,1461
ARIA_Pre_WBC-Malignant-Pre-500.png,Pre,1,1461
ARIA_Pre_WBC-Malignant-Pre-501.png,Pre,1,1461
ARIA_Pre_WBC-Malignant-Pre-502.png,Pre,1,1461
ARIA_Pre_WBC-Malignant-Pre-503.png,Pre,1,1461
ARIA_Pre_WBC-Malignant-Pre-504.png,Pre,1,1462
ARIA_Pre_WBC-Malignant-Pre-505.png,Pre,1,1462
ARIA_Pre_WBC-Malignant-Pre-506.png,Pre,1,1463
ARIA_Pre_WBC-Malignant-Pre-507.png,Pre,1,1463
ARIA_Pre_WBC-Malignant-Pre-508.png,Pre,1,1463
ARIA_Pre_WBC-Malignant-Pre-509.png,Pre,1,1464
ARIA_Pre_WBC-Malignant-Pre-510.png,Pre,1,1465
ARIA_Pre_WBC-Malignant-Pre-511.png,Pre,1,1466
ARIA_Pre_WBC-Malignant-Pre-512.png,Pre,1,1467
ARIA_Pre_WBC-Malignant-Pre-513.png,Pre,1,1467
ARIA_Pre_WBC-Malignant-Pre-514.png,Pre,1,1467
ARIA_Pre_WBC-Malignant-Pre-515.png,Pre,1,1467
ARIA_Pre_WBC-Malignant-Pre-516.png,Pre,1,1467
ARIA_Pre_WBC-Malignant-Pre-517.png,Pre,1,1467
ARIA_Pre_WBC-Malignant-Pre-518.png,Pre,1,1467
ARIA_Pre_WBC-Malignant-Pre-519.png,Pre,1,1467
ARIA_Pre_WBC-Malignant-Pre-520.png,Pre,1,1467
ARIA_Pre_WBC-Malignant-Pre-521.png,Pre,1,1468
ARIA_Pre_WBC-Malignant-Pre-522.png,Pre,1,1469
ARIA_Pre_WBC-Malignant-Pre-523.png,Pre,1,1470
ARIA_Pre_WBC-Malignant-Pre-524.png,Pre,1,1471
ARIA_Pre_WBC-Malignant-Pre-525.png,Pre,1,1471
ARIA_Pre_WBC-Malignant-Pre-526.png,Pre,1,1472
ARIA_Pre_WBC-Malignant-Pre-527.png,Pre,1,1472
ARIA_Pre_WBC-Malignant-Pre-528.png,Pre,1,1473
ARIA_Pre_WBC-Malignant-Pre-529.png,Pre,1,1474
ARIA_Pre_WBC-Malignant-Pre-530.png,Pre,1,1475
ARIA_Pre_WBC-Malignant-Pre-531.png,Pre,1,1476
ARIA_Pre_WBC-Malignant-Pre-532.png,Pre,1,1476
ARIA_Pre_WBC-Malignant-Pre-533.png,Pre,1,1477
ARIA_Pre_WBC-Malignant-Pre-534.png,Pre,1,1478
ARIA_Pre_WBC-Malignant-Pre-535.png,Pre,1,1478
ARIA_Pre_WBC-Malignant-Pre-536.png,Pre,1,1479
ARIA_Pre_WBC-Malignant-Pre-537.png,Pre,1,1479
ARIA_Pre_WBC-Malignant-Pre-538.png,Pre,1,1480
ARIA_Pre_WBC-Malignant-Pre-539.png,Pre,1,1481
ARIA_Pre_WBC-Malignant-Pre-540.png,Pre,1,1482
ARIA_Pre_WBC-Malignant-Pre-541.png,Pre,1,1483
ARIA_Pre_WBC-Malignant-Pre-542.png,Pre,1,1484
ARIA_Pre_WBC-Malignant-Pre-543.png,Pre,1,1485
ARIA_Pre_WBC-Malignant-Pre-544.png,Pre,1,1486
ARIA_Pre_WBC-Malignant-Pre-545.png,Pre,1,1487
ARIA_Pre_WBC-Malignant-Pre-546.png,Pre,1,1488
ARIA_Pre_WBC-Malignant-Pre-547.png,Pre,1,1488
ARIA_Pre_WBC-Malignant-Pre-548.png,Pre,1,1488
ARIA_Pre_WBC-Malignant-Pre-549.png,Pre,1,1488
ARIA_Pre_WBC-Malignant-Pre-550.png,Pre,1,1489
ARIA_Pre_WBC-Malignant-Pre-551.png,Pre,1,1490
ARIA_Pre_WBC-Malignant-Pre-552.png,Pre,1,1491
ARIA_Pre_WBC-Malignant-Pre-553.png,Pre,1,1491
ARIA_Pre_WBC-Malignant-Pre-554.png,Pre,1,1492
ARIA_Pre_WBC-Malignant-Pre-555.png,Pre,1,1493
ARIA_Pre_WBC-Malignant-Pre-556.png,Pre,1,1493
ARIA_Pre_WBC-Malignant-Pre-557.png,Pre,1,1494
ARIA_Pre_WBC-Malignant-Pre-558.png,Pre,1,1495
ARIA_Pre_WBC-Malignant-Pre-559.png,Pre,1,1496
ARIA_Pre_WBC-Malignant-Pre-560.png,Pre,1,1497
ARIA_Pre_WBC-Malignant-Pre-561.png,Pre,1,1498
ARIA_Pre_WBC-Malignant-Pre-562.png,Pre,1,1499
ARIA_Pre_WBC-Malignant-Pre-563.png,Pre,1,1500
ARIA_Pre_WBC-Malignant-Pre-564.png,Pre,1,1501
ARIA_Pre_WBC-Malignant-Pre-565.png,Pre,1,1502
ARIA_Pre_WBC-Malignant-Pre-566.png,Pre,1,1503
ARIA_Pre_WBC-Malignant-Pre-567.png,Pre,1,1504
ARIA_Pre_WBC-Malignant-Pre-568.png,Pre,1,1505
ARIA_Pre_WBC-Malignant-Pre-569.png,Pre,1,1506
ARIA_Pre_WBC-Malignant-Pre-570.png,Pre,1,1506
ARIA_Pre_WBC-Malignant-Pre-571.png,Pre,1,1506
ARIA_Pre_WBC-Malignant-Pre-572.png,Pre,1,1507
ARIA_Pre_WBC-Malignant-Pre-573.png,Pre,1,1508
ARIA_Pre_WBC-Malignant-Pre-574.png,Pre,1,1509
ARIA_Pre_WBC-Malignant-Pre-575.png,Pre,1,1510
ARIA_Pre_WBC-Malignant-Pre-576.png,Pre,1,1510
ARIA_Pre_WBC-Malignant-Pre-577.png,Pre,1,1510
ARIA_Pre_WBC-Malignant-Pre-578.png,Pre,1,1511
ARIA_Pre_WBC-Malignant-Pre-579.png,Pre,1,1512
ARIA_Pre_WBC-Malignant-Pre-580.png,Pre,1,1513
ARIA_Pre_WBC-Malignant-Pre-581.png,Pre,1,1513
ARIA_Pre_WBC-Malignant-Pre-582.png,Pre,1,1514
ARIA_Pre_WBC-Malignant-Pre-583.png,Pre,1,1515
ARIA_Pre_WBC-Malignant-Pre-584.png,Pre,1,1515
ARIA_Pre_WBC-Malignant-Pre-585.png,Pre,1,1515
ARIA_Pre_WBC-Malignant-Pre-586.png,Pre,1,1516
ARIA_Pre_WBC-Malignant-Pre-587.png,Pre,1,1517
ARIA_Pre_WBC-Malignant-Pre-588.png,Pre,1,1518
ARIA_Pre_WBC-Malignant-Pre-589.png,Pre,1,1518
ARIA_Pre_WBC-Malignant-Pre-590.png,Pre,1,1518
ARIA_Pre_WBC-Malignant-Pre-591.png,Pre,1,1518
ARIA_Pre_WBC-Malignant-Pre-592.png,Pre,1,1519
ARIA_Pre_WBC-Malignant-Pre-593.png,Pre,1,1518
ARIA_Pre_WBC-Malignant-Pre-594.png,Pre,1,1518
ARIA_Pre_WBC-Malignant-Pre-595.png,Pre,1,1518
ARIA_Pre_WBC-Malignant-Pre-596.png,Pre,1,1518
ARIA_Pre_WBC-Malignant-Pre-597.png,Pre,1,1518
ARIA_Pre_WBC-Malignant-Pre-598.png,Pre,1,1518
ARIA_Pre_WBC-Malignant-Pre-599.png,Pre,1,1518
ARIA_Pre_WBC-Malignant-Pre-600.png,Pre,1,1520
ARIA_Pre_WBC-Malignant-Pre-601.png,Pre,1,1521
ARIA_Pre_WBC-Malignant-Pre-602.png,Pre,1,1522
ARIA_Pre_WBC-Malignant-Pre-603.png,Pre,1,1522
ARIA_Pre_WBC-Malignant-Pre-604.png,Pre,1,1523
ARIA_Pre_WBC-Malignant-Pre-605.png,Pre,1,1523
ARIA_Pre_WBC-Malignant-Pre-606.png,Pre,1,1523
ARIA_Pre_WBC-Malignant-Pre-607.png,Pre,1,1523
ARIA_Pre_WBC-Malignant-Pre-608.png,Pre,1,1523
ARIA_Pre_WBC-Malignant-Pre-609.png,Pre,1,1524
ARIA_Pre_WBC-Malignant-Pre-610.png,Pre,1,1525
ARIA_Pre_WBC-Malignant-Pre-611.png,Pre,1,1525
ARIA_Pre_WBC-Malignant-Pre-612.png,Pre,1,1525
ARIA_Pre_WBC-Malignant-Pre-613.png,Pre,1,1526
ARIA_Pre_WBC-Malignant-Pre-614.png,Pre,1,1527
ARIA_Pre_WBC-Malignant-Pre-615.png,Pre,1,1528
ARIA_Pre_WBC-Malignant-Pre-616.png,Pre,1,1529
ARIA_Pre_WBC-Malignant-Pre-617.png,Pre,1,1530
ARIA_Pre_WBC-Malignant-Pre-618.png,Pre,1,1530
ARIA_Pre_WBC-Malignant-Pre-619.png,Pre,1,1530
ARIA_Pre_WBC-Malignant-Pre-620.png,Pre,1,1531
ARIA_Pre_WBC-Malignant-Pre-621.png,Pre,1,1532
ARIA_Pre_WBC-Malignant-Pre-622.png,Pre,1,1533
ARIA_Pre_WBC-Malignant-Pre-623.png,Pre,1,1346
ARIA_Pre_WBC-Malignant-Pre-624.png,Pre,1,1534
ARIA_Pre_WBC-Malignant-Pre-625.png,Pre,1,1535
ARIA_Pre_WBC-Malignant-Pre-626.png,Pre,1,1536
ARIA_Pre_WBC-Malignant-Pre-627.png,Pre,1,1536
ARIA_Pre_WBC-Malignant-Pre-628.png,Pre,1,1536
ARIA_Pre_WBC-Malignant-Pre-629.png,Pre,1,1536
ARIA_Pre_WBC-Malignant-Pre-630.png,Pre,1,1537
ARIA_Pre_WBC-Malignant-Pre-631.png,Pre,1,1537
ARIA_Pre_WBC-Malignant-Pre-632.png,Pre,1,1538
ARIA_Pre_WBC-Malignant-Pre-633.png,Pre,1,1539
ARIA_Pre_WBC-Malignant-Pre-634.png,Pre,1,1540
ARIA_Pre_WBC-Malignant-Pre-635.png,Pre,1,1541
ARIA_Pre_WBC-Malignant-Pre-636.png,Pre,1,1542
ARIA_Pre_WBC-Malignant-Pre-637.png,Pre,1,1542
ARIA_Pre_WBC-Malignant-Pre-638.png,Pre,1,1542
ARIA_Pre_WBC-Malignant-Pre-639.png,Pre,1,1543
ARIA_Pre_WBC-Malignant-Pre-640.png,Pre,1,1544
ARIA_Pre_WBC-Malignant-Pre-641.png,Pre,1,1545
ARIA_Pre_WBC-Malignant-Pre-642.png,Pre,1,1546
ARIA_Pre_WBC-Malignant-Pre-643.png,Pre,1,1546
ARIA_Pre_WBC-Malignant-Pre-644.png,Pre,1,1546
ARIA_Pre_WBC-Malignant-Pre-645.png,Pre,1,1546
ARIA_Pre_WBC-Malignant-Pre-646.png,Pre,1,1546
ARIA_Pre_WBC-Malignant-Pre-647.png,Pre,1,1546
ARIA_Pre_WBC-Malignant-Pre-648.png,Pre,1,1544
ARIA_Pre_WBC-Malignant-Pre-649.png,Pre,1,1547
ARIA_Pre_WBC-Malignant-Pre-650.png,Pre,1,1547
ARIA_Pre_WBC-Malignant-Pre-651.png,Pre,1,1542
ARIA_Pre_WBC-Malignant-Pre-652.png,Pre,1,1542
ARIA_Pre_WBC-Malignant-Pre-653.png,Pre,1,1540
ARIA_Pre_WBC-Malignant-Pre-654.png,Pre,1,1540
ARIA_Pre_WBC-Malignant-Pre-655.png,Pre,1,1548
ARIA_Pre_WBC-Malignant-Pre-656.png,Pre,1,1549
ARIA_Pre_WBC-Malignant-Pre-657.png,Pre,1,1550
ARIA_Pre_WBC-Malignant-Pre-658.png,Pre,1,1551
ARIA_Pre_WBC-Malignant-Pre-659.png,Pre,1,1552
ARIA_Pre_WBC-Malignant-Pre-660.png,Pre,1,1552
ARIA_Pre_WBC-Malignant-Pre-661.png,Pre,1,1553
ARIA_Pre_WBC-Malignant-Pre-662.png,Pre,1,1553
ARIA_Pre_WBC-Malignant-Pre-663.png,Pre,1,1554
ARIA_Pre_WBC-Malignant-Pre-664.png,Pre,1,1554
ARIA_Pre_WBC-Malignant-Pre-665.png,Pre,1,1555
ARIA_Pre_WBC-Malignant-Pre-666.png,Pre,1,1556
ARIA_Pre_WBC-Malignant-Pre-667.png,Pre,1,1557
ARIA_Pre_WBC-Malignant-Pre-668.png,Pre,1,1558
ARIA_Pre_WBC-Malignant-Pre-669.png,Pre,1,1559
ARIA_Pre_WBC-Malignant-Pre-670.png,Pre,1,1560
ARIA_Pre_WBC-Malignant-Pre-671.png,Pre,1,1561
ARIA_Pre_WBC-Malignant-Pre-672.png,Pre,1,1561
ARIA_Pre_WBC-Malignant-Pre-673.png,Pre,1,1562
ARIA_Pre_WBC-Malignant-Pre-674.png,Pre,1,1563
ARIA_Pre_WBC-Malignant-Pre-675.png,Pre,1,1563
ARIA_Pre_WBC-Malignant-Pre-676.png,Pre,1,1564
ARIA_Pre_WBC-Malignant-Pre-677.png,Pre,1,1495
ARIA_Pre_WBC-Malignant-Pre-678.png,Pre,1,1495
ARIA_Pre_WBC-Malignant-Pre-679.png,Pre,1,1565
ARIA_Pre_WBC-Malignant-Pre-680.png,Pre,1,1566
ARIA_Pre_WBC-Malignant-Pre-681.png,Pre,1,1567
ARIA_Pre_WBC-Malignant-Pre-682.png,Pre,1,1568
ARIA_Pre_WBC-Malignant-Pre-683.png,Pre,1,1490
ARIA_Pre_WBC-Malignant-Pre-684.png,Pre,1,1490
ARIA_Pre_WBC-Malignant-Pre-685.png,Pre,1,1569
ARIA_Pre_WBC-Malignant-Pre-686.png,Pre,1,1569
ARIA_Pre_WBC-Malignant-Pre-687.png,Pre,1,1570
ARIA_Pre_WBC-Malignant-Pre-688.png,Pre,1,1571
ARIA_Pre_WBC-Malignant-Pre-689.png,Pre,1,1571
ARIA_Pre_WBC-Malignant-Pre-690.png,Pre,1,1571
ARIA_Pre_WBC-Malignant-Pre-691.png,Pre,1,1572
ARIA_Pre_WBC-Malignant-Pre-692.png,Pre,1,1573
ARIA_Pre_WBC-Malignant-Pre-693.png,Pre,1,1574
ARIA_Pre_WBC-Malignant-Pre-694.png,Pre,1,1575
ARIA_Pre_WBC-Malignant-Pre-695.png,Pre,1,1576
ARIA_Pre_WBC-Malignant-Pre-696.png,Pre,1,1576
ARIA_Pre_WBC-Malignant-Pre-697.png,Pre,1,1576
ARIA_Pre_WBC-Malignant-Pre-698.png,Pre,1,1576
ARIA_Pre_WBC-Malignant-Pre-699.png,Pre,1,1479
ARIA_Pre_WBC-Malignant-Pre-700.png,Pre,1,1479
ARIA_Pre_WBC-Malignant-Pre-701.png,Pre,1,1479
ARIA_Pre_WBC-Malignant-Pre-702.png,Pre,1,1577
ARIA_Pre_WBC-Malignant-Pre-703.png,Pre,1,1578
ARIA_Pre_WBC-Malignant-Pre-704.png,Pre,1,1578
ARIA_Pre_WBC-Malignant-Pre-705.png,Pre,1,1578
ARIA_Pre_WBC-Malignant-Pre-706.png,Pre,1,1578
ARIA_Pre_WBC-Malignant-Pre-707.png,Pre,1,1578
ARIA_Pre_WBC-Malignant-Pre-708.png,Pre,1,1477
ARIA_Pre_WBC-Malignant-Pre-709.png,Pre,1,1479
ARIA_Pre_WBC-Malignant-Pre-710.png,Pre,1,1479
ARIA_Pre_WBC-Malignant-Pre-711.png,Pre,1,1479
ARIA_Pre_WBC-Malignant-Pre-712.png,Pre,1,1479
ARIA_Pre_WBC-Malignant-Pre-713.png,Pre,1,1479
ARIA_Pre_WBC-Malignant-Pre-714.png,Pre,1,1579
ARIA_Pre_WBC-Malignant-Pre-715.png,Pre,1,1484
ARIA_Pre_WBC-Malignant-Pre-716.png,Pre,1,1484
ARIA_Pre_WBC-Malignant-Pre-717.png,Pre,1,1483
ARIA_Pre_WBC-Malignant-Pre-718.png,Pre,1,1580
ARIA_Pre_WBC-Malignant-Pre-719.png,Pre,1,1580
ARIA_Pre_WBC-Malignant-Pre-720.png,Pre,1,1580
ARIA_Pre_WBC-Malignant-Pre-721.png,Pre,1,1581
ARIA_Pre_WBC-Malignant-Pre-722.png,Pre,1,1582
ARIA_Pre_WBC-Malignant-Pre-723.png,Pre,1,1582
ARIA_Pre_WBC-Malignant-Pre-724.png,Pre,1,1571
ARIA_Pre_WBC-Malignant-Pre-725.png,Pre,1,1571
ARIA_Pre_WBC-Malignant-Pre-726.png,Pre,1,1571
ARIA_Pre_WBC-Malignant-Pre-727.png,Pre,1,1583
ARIA_Pre_WBC-Malignant-Pre-728.png,Pre,1,1584
ARIA_Pre_WBC-Malignant-Pre-729.png,Pre,1,1585
ARIA_Pre_WBC-Malignant-Pre-730.png,Pre,1,1585
ARIA_Pre_WBC-Malignant-Pre-731.png,Pre,1,1586
ARIA_Pre_WBC-Malignant-Pre-732.png,Pre,1,1586
ARIA_Pre_WBC-Malignant-Pre-733.png,Pre,1,1587
ARIA_Pre_WBC-Malignant-Pre-734.png,Pre,1,1588
ARIA_Pre_WBC-Malignant-Pre-735.png,Pre,1,1362
ARIA_Pre_WBC-Malignant-Pre-736.png,Pre,1,1362
ARIA_Pre_WBC-Malignant-Pre-737.png,Pre,1,1362
ARIA_Pre_WBC-Malignant-Pre-738.png,Pre,1,1589
ARIA_Pre_WBC-Malignant-Pre-739.png,Pre,1,1589
ARIA_Pre_WBC-Malignant-Pre-740.png,Pre,1,1590
ARIA_Pre_WBC-Malignant-Pre-741.png,Pre,1,1591
ARIA_Pre_WBC-Malignant-Pre-742.png,Pre,1,1592
ARIA_Pre_WBC-Malignant-Pre-743.png,Pre,1,1593
ARIA_Pre_WBC-Malignant-Pre-744.png,Pre,1,1593
ARIA_Pre_WBC-Malignant-Pre-745.png,Pre,1,1593
ARIA_Pre_WBC-Malignant-Pre-746.png,Pre,1,1594
ARIA_Pre_WBC-Malignant-Pre-747.png,Pre,1,1594
ARIA_Pre_WBC-Malignant-Pre-748.png,Pre,1,1594
ARIA_Pre_WBC-Malignant-Pre-749.png,Pre,1,1595
ARIA_Pre_WBC-Malignant-Pre-750.png,Pre,1,1596
ARIA_Pre_WBC-Malignant-Pre-751.png,Pre,1,1596
ARIA_Pre_WBC-Malignant-Pre-752.png,Pre,1,1596
ARIA_Pre_WBC-Malignant-Pre-753.png,Pre,1,1597
ARIA_Pre_WBC-Malignant-Pre-754.png,Pre,1,1598
ARIA_Pre_WBC-Malignant-Pre-755.png,Pre,1,1598
ARIA_Pre_WBC-Malignant-Pre-756.png,Pre,1,1598
ARIA_Pre_WBC-Malignant-Pre-757.png,Pre,1,1599
ARIA_Pre_WBC-Malignant-Pre-758.png,Pre,1,1600
ARIA_Pre_WBC-Malignant-Pre-759.png,Pre,1,1601
ARIA_Pre_WBC-Malignant-Pre-760.png,Pre,1,1601
ARIA_Pre_WBC-Malignant-Pre-761.png,Pre,1,1602
ARIA_Pre_WBC-Malignant-Pre-762.png,Pre,1,1603
ARIA_Pre_WBC-Malignant-Pre-763.png,Pre,1,1604
ARIA_Pre_WBC-Malignant-Pre-764.png,Pre,1,1605
ARIA_Pre_WBC-Malignant-Pre-765.png,Pre,1,1606
ARIA_Pre_WBC-Malignant-Pre-766.png,Pre,1,1607
ARIA_Pre_WBC-Malignant-Pre-767.png,Pre,1,1608
ARIA_Pre_WBC-Malignant-Pre-768.png,Pre,1,1609
ARIA_Pre_WBC-Malignant-Pre-769.png,Pre,1,1609
ARIA_Pre_WBC-Malignant-Pre-770.png,Pre,1,1609
ARIA_Pre_WBC-Malignant-Pre-771.png,Pre,1,1610
ARIA_Pre_WBC-Malignant-Pre-772.png,Pre,1,1611
ARIA_Pre_WBC-Malignant-Pre-773.png,Pre,1,1612
ARIA_Pre_WBC-Malignant-Pre-774.png,Pre,1,1612
ARIA_Pre_WBC-Malignant-Pre-775.png,Pre,1,1612
ARIA_Pre_WBC-Malignant-Pre-776.png,Pre,1,1612
ARIA_Pre_WBC-Malignant-Pre-777.png,Pre,1,1613
ARIA_Pre_WBC-Malignant-Pre-778.png,Pre,1,1614
ARIA_Pre_WBC-Malignant-Pre-779.png,Pre,1,1614
ARIA_Pre_WBC-Malignant-Pre-780.png,Pre,1,1614
ARIA_Pre_WBC-Malignant-Pre-781.png,Pre,1,1614
ARIA_Pre_WBC-Malignant-Pre-782.png,Pre,1,1615
ARIA_Pre_WBC-Malignant-Pre-783.png,Pre,1,1615
ARIA_Pre_WBC-Malignant-Pre-784.png,Pre,1,1616
ARIA_Pre_WBC-Malignant-Pre-785.png,Pre,1,1617
ARIA_Pre_WBC-Malignant-Pre-786.png,Pre,1,1617
ARIA_Pre_WBC-Malignant-Pre-787.png,Pre,1,1618
ARIA_Pre_WBC-Malignant-Pre-788.png,Pre,1,1618
ARIA_Pre_WBC-Malignant-Pre-789.png,Pre,1,1619
ARIA_Pre_WBC-Malignant-Pre-790.png,Pre,1,1620
ARIA_Pre_WBC-Malignant-Pre-791.png,Pre,1,1621
ARIA_Pre_WBC-Malignant-Pre-792.png,Pre,1,1622
ARIA_Pre_WBC-Malignant-Pre-793.png,Pre,1,1623
ARIA_Pre_WBC-Malignant-Pre-794.png,Pre,1,1624
ARIA_Pre_WBC-Malignant-Pre-795.png,Pre,1,1624
ARIA_Pre_WBC-Malignant-Pre-796.png,Pre,1,1625
ARIA_Pre_WBC-Malignant-Pre-797.png,Pre,1,1625
ARIA_Pre_WBC-Malignant-Pre-798.png,Pre,1,1626
ARIA_Pre_WBC-Malignant-Pre-799.png,Pre,1,1627
ARIA_Pre_WBC-Malignant-Pre-800.png,Pre,1,1628
ARIA_Pre_WBC-Malignant-Pre-801.png,Pre,1,1629
ARIA_Pre_WBC-Malignant-Pre-802.png,Pre,1,1630
ARIA_Pre_WBC-Malignant-Pre-803.png,Pre,1,1631
ARIA_Pre_WBC-Malignant-Pre-804.png,Pre,1,1632
ARIA_Pre_WBC-Malignant-Pre-805.png,Pre,1,1633
ARIA_Pre_WBC-Malignant-Pre-806.png,Pre,1,1634
ARIA_Pre_WBC-Malignant-Pre-807.png,Pre,1,1635
ARIA_Pre_WBC-Malignant-Pre-808.png,Pre,1,1636
ARIA_Pre_WBC-Malignant-Pre-809.png,Pre,1,1637
ARIA_Pre_WBC-Malignant-Pre-810.png,Pre,1,1638
ARIA_Pre_WBC-Malignant-Pre-811.png,Pre,1,1639
ARIA_Pre_WBC-Malignant-Pre-812.png,Pre,1,1640
ARIA_Pre_WBC-Malignant-Pre-813.png,Pre,1,1641
ARIA_Pre_WBC-Malignant-Pre-814.png,Pre,1,1642
ARIA_Pre_WBC-Malignant-Pre-815.png,Pre,1,1643
ARIA_Pre_WBC-Malignant-Pre-816.png,Pre,1,1644
ARIA_Pre_WBC-Malignant-Pre-817.png,Pre,1,1383
ARIA_Pre_WBC-Malignant-Pre-818.png,Pre,1,1645
ARIA_Pre_WBC-Malignant-Pre-819.png,Pre,1,1467
ARIA_Pre_WBC-Malignant-Pre-820.png,Pre,1,1467
ARIA_Pre_WBC-Malignant-Pre-821.png,Pre,1,1646
ARIA_Pre_WBC-Malignant-Pre-822.png,Pre,1,1647
ARIA_Pre_WBC-Malignant-Pre-823.png,Pre,1,1647
ARIA_Pre_WBC-Malignant-Pre-824.png,Pre,1,1648
ARIA_Pre_WBC-Malignant-Pre-825.png,Pre,1,1649
ARIA_Pre_WBC-Malignant-Pre-826.png,Pre,1,1650
ARIA_Pre_WBC-Malignant-Pre-827.png,Pre,1,1651
ARIA_Pre_WBC-Malignant-Pre-828.png,Pre,1,1652
ARIA_Pre_WBC-Malignant-Pre-829.png,Pre,1,1652
ARIA_Pre_WBC-Malignant-Pre-830.png,Pre,1,1653
ARIA_Pre_WBC-Malignant-Pre-831.png,Pre,1,1648
ARIA_Pre_WBC-Malignant-Pre-832.png,Pre,1,1654
ARIA_Pre_WBC-Malignant-Pre-833.png,Pre,1,1654
ARIA_Pre_WBC-Malignant-Pre-834.png,Pre,1,1655
ARIA_Pre_WBC-Malignant-Pre-835.png,Pre,1,1655
ARIA_Pre_WBC-Malignant-Pre-836.png,Pre,1,1655
ARIA_Pre_WBC-Malignant-Pre-837.png,Pre,1,1656
ARIA_Pre_WBC-Malignant-Pre-838.png,Pre,1,1656
ARIA_Pre_WBC-Malignant-Pre-839.png,Pre,1,1656
ARIA_Pre_WBC-Malignant-Pre-840.png,Pre,1,1657
ARIA_Pre_WBC-Malignant-Pre-841.png,Pre,1,1658
ARIA_Pre_WBC-Malignant-Pre-842.png,Pre,1,1659
ARIA_Pre_WBC-Malignant-Pre-843.png,Pre,1,1660
ARIA_Pre_WBC-Malignant-Pre-844.png,Pre,1,1660
ARIA_Pre_WBC-Malignant-Pre-845.png,Pre,1,1661
ARIA_Pre_WBC-Malignant-Pre-846.png,Pre,1,1662
ARIA_Pre_WBC-Malignant-Pre-847.png,Pre,1,1663
ARIA_Pre_WBC-Malignant-Pre-848.png,Pre,1,1664
ARIA_Pre_WBC-Malignant-Pre-849.png,Pre,1,1665
ARIA_Pre_WBC-Malignant-Pre-850.png,Pre,1,1665
ARIA_Pre_WBC-Malignant-Pre-851.png,Pre,1,1666
ARIA_Pre_WBC-Malignant-Pre-852.png,Pre,1,1666
ARIA_Pre_WBC-Malignant-Pre-853.png,Pre,1,1667
ARIA_Pre_WBC-Malignant-Pre-854.png,Pre,1,1668
ARIA_Pre_WBC-Malignant-Pre-855.png,Pre,1,1669
ARIA_Pre_WBC-Malignant-Pre-856.png,Pre,1,1669
ARIA_Pre_WBC-Malignant-Pre-857.png,Pre,1,1670
ARIA_Pre_WBC-Malignant-Pre-858.png,Pre,1,1670
ARIA_Pre_WBC-Malignant-Pre-859.png,Pre,1,1671
ARIA_Pre_WBC-Malignant-Pre-860.png,Pre,1,1671
ARIA_Pre_WBC-Malignant-Pre-861.png,Pre,1,1672
ARIA_Pre_WBC-Malignant-Pre-862.png,Pre,1,1673
ARIA_Pre_WBC-Malignant-Pre-863.png,Pre,1,1674
ARIA_Pre_WBC-Malignant-Pre-864.png,Pre,1,1675
ARIA_Pre_WBC-Malignant-Pre-865.png,Pre,1,1676
ARIA_Pre_WBC-Malignant-Pre-866.png,Pre,1,1677
ARIA_Pre_WBC-Malignant-Pre-867.png,Pre,1,1678
ARIA_Pre_WBC-Malignant-Pre-868.png,Pre,1,1679
ARIA_Pre_WBC-Malignant-Pre-869.png,Pre,1,1680
ARIA_Pre_WBC-Malignant-Pre-870.png,Pre,1,1681
ARIA_Pre_WBC-Malignant-Pre-871.png,Pre,1,1682
ARIA_Pre_WBC-Malignant-Pre-872.png,Pre,1,1683
ARIA_Pre_WBC-Malignant-Pre-873.png,Pre,1,1684
ARIA_Pre_WBC-Malignant-Pre-874.png,Pre,1,1685
ARIA_Pre_WBC-Malignant-Pre-875.png,Pre,1,1685
ARIA_Pre_WBC-Malignant-Pre-876.png,Pre,1,1686
ARIA_Pre_WBC-Malignant-Pre-877.png,Pre,1,1687
ARIA_Pre_WBC-Malignant-Pre-878.png,Pre,1,1687
ARIA_Pre_WBC-Malignant-Pre-879.png,Pre,1,1688
ARIA_Pre_WBC-Malignant-Pre-880.png,Pre,1,1689
ARIA_Pre_WBC-Malignant-Pre-881.png,Pre,1,1689
ARIA_Pre_WBC-Malignant-Pre-882.png,Pre,1,1690
ARIA_Pre_WBC-Malignant-Pre-883.png,Pre,1,1690
ARIA_Pre_WBC-Malignant-Pre-884.png,Pre,1,1691
ARIA_Pre_WBC-Malignant-Pre-885.png,Pre,1,1691
ARIA_Pre_WBC-Malignant-Pre-886.png,Pre,1,1692
ARIA_Pre_WBC-Malignant-Pre-887.png,Pre,1,1693
ARIA_Pre_WBC-Malignant-Pre-888.png,Pre,1,1694
ARIA_Pre_WBC-Malignant-Pre-889.png,Pre,1,1695
ARIA_Pre_WBC-Malignant-Pre-890.png,Pre,1,1696
ARIA_Pre_WBC-Malignant-Pre-891.png,Pre,1,1696
ARIA_Pre_WBC-Malignant-Pre-892.png,Pre,1,1697
ARIA_Pre_WBC-Malignant-Pre-893.png,Pre,1,1698
ARIA_Pre_WBC-Malignant-Pre-894.png,Pre,1,1698
ARIA_Pre_WBC-Malignant-Pre-895.png,Pre,1,1699
ARIA_Pre_WBC-Malignant-Pre-896.png,Pre,1,1700
ARIA_Pre_WBC-Malignant-Pre-897.png,Pre,1,1700
ARIA_Pre_WBC-Malignant-Pre-898.png,Pre,1,1701
ARIA_Pre_WBC-Malignant-Pre-899.png,Pre,1,1702
ARIA_Pre_WBC-Malignant-Pre-900.png,Pre,1,1703
ARIA_Pre_WBC-Malignant-Pre-901.png,Pre,1,1704
ARIA_Pre_WBC-Malignant-Pre-902.png,Pre,1,1705
ARIA_Pre_WBC-Malignant-Pre-903.png,Pre,1,1706
ARIA_Pre_WBC-Malignant-Pre-904.png,Pre,1,1707
ARIA_Pre_WBC-Malignant-Pre-905.png,Pre,1,1707
ARIA_Pre_WBC-Malignant-Pre-906.png,Pre,1,1708
ARIA_Pre_WBC-Malignant-Pre-907.png,Pre,1,1709
ARIA_Pre_WBC-Malignant-Pre-908.png,Pre,1,1709
ARIA_Pre_WBC-Malignant-Pre-909.png,Pre,1,1710
ARIA_Pre_WBC-Malignant-Pre-910.png,Pre,1,1710
ARIA_Pre_WBC-Malignant-Pre-911.png,Pre,1,1711
ARIA_Pre_WBC-Malignant-Pre-912.png,Pre,1,1712
ARIA_Pre_WBC-Malignant-Pre-913.png,Pre,1,1713
ARIA_Pre_WBC-Malignant-Pre-914.png,Pre,1,1714
ARIA_Pre_WBC-Malignant-Pre-915.png,Pre,1,1715
ARIA_Pre_WBC-Malignant-Pre-916.png,Pre,1,1715
ARIA_Pre_WBC-Malignant-Pre-917.png,Pre,1,1716
ARIA_Pre_WBC-Malignant-Pre-918.png,Pre,1,1717
ARIA_Pre_WBC-Malignant-Pre-919.png,Pre,1,1718
ARIA_Pre_WBC-Malignant-Pre-920.png,Pre,1,1719
ARIA_Pre_WBC-Malignant-Pre-921.png,Pre,1,1720
ARIA_Pre_WBC-Malignant-Pre-922.png,Pre,1,1721
ARIA_Pre_WBC-Malignant-Pre-923.png,Pre,1,1722
ARIA_Pre_WBC-Malignant-Pre-924.png,Pre,1,1723
ARIA_Pre_WBC-Malignant-Pre-925.png,Pre,1,1723
ARIA_Pre_WBC-Malignant-Pre-926.png,Pre,1,1724
ARIA_Pre_WBC-Malignant-Pre-927.png,Pre,1,1724
ARIA_Pre_WBC-Malignant-Pre-928.png,Pre,1,1724
ARIA_Pre_WBC-Malignant-Pre-929.png,Pre,1,1725
ARIA_Pre_WBC-Malignant-Pre-930.png,Pre,1,1725
ARIA_Pre_WBC-Malignant-Pre-931.png,Pre,1,1725
ARIA_Pre_WBC-Malignant-Pre-932.png,Pre,1,1726
ARIA_Pre_WBC-Malignant-Pre-933.png,Pre,1,1726
ARIA_Pre_WBC-Malignant-Pre-934.png,Pre,1,1726
ARIA_Pre_WBC-Malignant-Pre-935.png,Pre,1,1727
ARIA_Pre_WBC-Malignant-Pre-936.png,Pre,1,1727
ARIA_Pre_WBC-Malignant-Pre-937.png,Pre,1,1728
ARIA_Pre_WBC-Malignant-Pre-938.png,Pre,1,1728
ARIA_Pre_WBC-Malignant-Pre-939.png,Pre,1,1728
ARIA_Pre_WBC-Malignant-Pre-940.png,Pre,1,1729
ARIA_Pre_WBC-Malignant-Pre-941.png,Pre,1,1729
ARIA_Pre_WBC-Malignant-Pre-942.png,Pre,1,1729
ARIA_Pre_WBC-Malignant-Pre-943.png,Pre,1,1730
ARIA_Pre_WBC-Malignant-Pre-944.png,Pre,1,1730
ARIA_Pre_WBC-Malignant-Pre-945.png,Pre,1,1731
ARIA_Pre_WBC-Malignant-Pre-946.png,Pre,1,1732
ARIA_Pre_WBC-Malignant-Pre-947.png,Pre,1,1733
ARIA_Pre_WBC-Malignant-Pre-948.png,Pre,1,1734
ARIA_Pre_WBC-Malignant-Pre-949.png,Pre,1,1735
ARIA_Pre_WBC-Malignant-Pre-950.png,Pre,1,1736
ARIA_Pre_WBC-Malignant-Pre-951.png,Pre,1,1737
ARIA_Pre_WBC-Malignant-Pre-952.png,Pre,1,1738
ARIA_Pre_WBC-Malignant-Pre-953.png,Pre,1,1738
ARIA_Pre_WBC-Malignant-Pre-954.png,Pre,1,1738
ARIA_Pre_WBC-Malignant-Pre-955.png,Pre,1,1738
ARIA_Pre_WBC-Malignant-Pre-956.png,Pre,1,1738
ARIA_Pre_WBC-Malignant-Pre-957.png,Pre,1,1738
ARIA_Pre_WBC-Malignant-Pre-958.png,Pre,1,1739
ARIA_Pre_WBC-Malignant-Pre-959.png,Pre,1,1740
ARIA_Pre_WBC-Malignant-Pre-960.png,Pre,1,1741
ARIA_Pre_WBC-Malignant-Pre-961.png,Pre,1,1741
ARIA_Pre_WBC-Malignant-Pre-962.png,Pre,1,1742
ARIA_Pre_WBC-Malignant-Pre-963.png,Pre,1,1743
ARIA_Pro_WBC-Malignant-Pro-001.png,Pro,1,1744
ARIA_Pro_WBC-Malignant-Pro-002.png,Pro,1,1745
ARIA_Pro_WBC-Malignant-Pro-003.png,Pro,1,1746
ARIA_Pro_WBC-Malignant-Pro-004.png,Pro,1,1746
ARIA_Pro_WBC-Malignant-Pro-005.png,Pro,1,1746
ARIA_Pro_WBC-Malignant-Pro-006.png,Pro,1,1747
ARIA_Pro_WBC-Malignant-Pro-007.png,Pro,1,1748
ARIA_Pro_WBC-Malignant-Pro-008.png,Pro,1,1748
ARIA_Pro_WBC-Malignant-Pro-009.png,Pro,1,1749
ARIA_Pro_WBC-Malignant-Pro-010.png,Pro,1,1750
ARIA_Pro_WBC-Malignant-Pro-011.png,Pro,1,1751
ARIA_Pro_WBC-Malignant-Pro-012.png,Pro,1,1751
ARIA_Pro_WBC-Malignant-Pro-013.png,Pro,1,1751
ARIA_Pro_WBC-Malignant-Pro-014.png,Pro,1,1752
ARIA_Pro_WBC-Malignant-Pro-015.png,Pro,1,1753
ARIA_Pro_WBC-Malignant-Pro-016.png,Pro,1,1754
ARIA_Pro_WBC-Malignant-Pro-017.png,Pro,1,1755
ARIA_Pro_WBC-Malignant-Pro-018.png,Pro,1,1755
ARIA_Pro_WBC-Malignant-Pro-019.png,Pro,1,1756
ARIA_Pro_WBC-Malignant-Pro-020.png,Pro,1,1756
ARIA_Pro_WBC-Malignant-Pro-021.png,Pro,1,1757
ARIA_Pro_WBC-Malignant-Pro-022.png,Pro,1,1757
ARIA_Pro_WBC-Malignant-Pro-023.png,Pro,1,1758
ARIA_Pro_WBC-Malignant-Pro-024.png,Pro,1,1759
ARIA_Pro_WBC-Malignant-Pro-025.png,Pro,1,1760
ARIA_Pro_WBC-Malignant-Pro-026.png,Pro,1,1761
ARIA_Pro_WBC-Malignant-Pro-027.png,Pro,1,1761
ARIA_Pro_WBC-Malignant-Pro-028.png,Pro,1,1762
ARIA_Pro_WBC-Malignant-Pro-029.png,Pro,1,1763
ARIA_Pro_WBC-Malignant-Pro-030.png,Pro,1,1763
ARIA_Pro_WBC-Malignant-Pro-031.png,Pro,1,1764
ARIA_Pro_WBC-Malignant-Pro-032.png,Pro,1,1765
ARIA_Pro_WBC-Malignant-Pro-033.png,Pro,1,1766
ARIA_Pro_WBC-Malignant-Pro-034.png,Pro,1,1767
ARIA_Pro_WBC-Malignant-Pro-035.png,Pro,1,1768
ARIA_Pro_WBC-Malignant-Pro-036.png,Pro,1,1769
ARIA_Pro_WBC-Malignant-Pro-037.png,Pro,1,1770
ARIA_Pro_WBC-Malignant-Pro-038.png,Pro,1,1770
ARIA_Pro_WBC-Malignant-Pro-039.png,Pro,1,1771
ARIA_Pro_WBC-Malignant-Pro-040.png,Pro,1,1772
ARIA_Pro_WBC-Malignant-Pro-041.png,Pro,1,1773
ARIA_Pro_WBC-Malignant-Pro-042.png,Pro,1,1774
ARIA_Pro_WBC-Malignant-Pro-043.png,Pro,1,1775
ARIA_Pro_WBC-Malignant-Pro-044.png,Pro,1,1776
ARIA_Pro_WBC-Malignant-Pro-045.png,Pro,1,1777
ARIA_Pro_WBC-Malignant-Pro-046.png,Pro,1,1778
ARIA_Pro_WBC-Malignant-Pro-047.png,Pro,1,1779
ARIA_Pro_WBC-Malignant-Pro-048.png,Pro,1,1780
ARIA_Pro_WBC-Malignant-Pro-049.png,Pro,1,1781
ARIA_Pro_WBC-Malignant-Pro-050.png,Pro,1,1782
ARIA_Pro_WBC-Malignant-Pro-051.png,Pro,1,1782
ARIA_Pro_WBC-Malignant-Pro-052.png,Pro,1,1783
ARIA_Pro_WBC-Malignant-Pro-053.png,Pro,1,1780
ARIA_Pro_WBC-Malignant-Pro-054.png,Pro,1,1779
ARIA_Pro_WBC-Malignant-Pro-055.png,Pro,1,1784
ARIA_Pro_WBC-Malignant-Pro-056.png,Pro,1,1785
ARIA_Pro_WBC-Malignant-Pro-057.png,Pro,1,1786
ARIA_Pro_WBC-Malignant-Pro-058.png,Pro,1,1787
ARIA_Pro_WBC-Malignant-Pro-059.png,Pro,1,1788
ARIA_Pro_WBC-Malignant-Pro-060.png,Pro,1,1789
ARIA_Pro_WBC-Malignant-Pro-061.png,Pro,1,1790
ARIA_Pro_WBC-Malignant-Pro-062.png,Pro,1,1790
ARIA_Pro_WBC-Malignant-Pro-063.png,Pro,1,1790
ARIA_Pro_WBC-Malignant-Pro-064.png,Pro,1,1791
ARIA_Pro_WBC-Malignant-Pro-065.png,Pro,1,1792
ARIA_Pro_WBC-Malignant-Pro-066.png,Pro,1,1793
ARIA_Pro_WBC-Malignant-Pro-067.png,Pro,1,1794
ARIA_Pro_WBC-Malignant-Pro-068.png,Pro,1,1795
ARIA_Pro_WBC-Malignant-Pro-069.png,Pro,1,1796
ARIA_Pro_WBC-Malignant-Pro-070.png,Pro,1,1797
ARIA_Pro_WBC-Malignant-Pro-071.png,Pro,1,1798
ARIA_Pro_WBC-Malignant-Pro-072.png,Pro,1,1799
ARIA_Pro_WBC-Malignant-Pro-073.png,Pro,1,1800
ARIA_Pro_WBC-Malignant-Pro-074.png,Pro,1,1801
ARIA_Pro_WBC-Malignant-Pro-075.png,Pro,1,1801
ARIA_Pro_WBC-Malignant-Pro-076.png,Pro,1,1802
ARIA_Pro_WBC-Malignant-Pro-077.png,Pro,1,1803
ARIA_Pro_WBC-Malignant-Pro-078.png,Pro,1,1803
ARIA_Pro_WBC-Malignant-Pro-079.png,Pro,1,1804
ARIA_Pro_WBC-Malignant-Pro-080.png,Pro,1,1804
ARIA_Pro_WBC-Malignant-Pro-081.png,Pro,1,1805
ARIA_Pro_WBC-Malignant-Pro-082.png,Pro,1,1806
ARIA_Pro_WBC-Malignant-Pro-083.png,Pro,1,1807
ARIA_Pro_WBC-Malignant-Pro-084.png,Pro,1,1807
ARIA_Pro_WBC-Malignant-Pro-085.png,Pro,1,1808
ARIA_Pro_WBC-Malignant-Pro-086.png,Pro,1,1809
ARIA_Pro_WBC-Malignant-Pro-087.png,Pro,1,1809
ARIA_Pro_WBC-Malignant-Pro-088.png,Pro,1,1810
ARIA_Pro_WBC-Malignant-Pro-089.png,Pro,1,1811
ARIA_Pro_WBC-Malignant-Pro-090.png,Pro,1,1811
ARIA_Pro_WBC-Malignant-Pro-091.png,Pro,1,1812
ARIA_Pro_WBC-Malignant-Pro-092.png,Pro,1,1812
ARIA_Pro_WBC-Malignant-Pro-093.png,Pro,1,1813
ARIA_Pro_WBC-Malignant-Pro-094.png,Pro,1,1814
ARIA_Pro_WBC-Malignant-Pro-095.png,Pro,1,1815
ARIA_Pro_WBC-Malignant-Pro-096.png,Pro,1,1815
ARIA_Pro_WBC-Malignant-Pro-097.png,Pro,1,1816
ARIA_Pro_WBC-Malignant-Pro-098.png,Pro,1,1816
ARIA_Pro_WBC-Malignant-Pro-099.png,Pro,1,1816
ARIA_Pro_WBC-Malignant-Pro-100.png,Pro,1,1817
ARIA_Pro_WBC-Malignant-Pro-101.png,Pro,1,1818
ARIA_Pro_WBC-Malignant-Pro-102.png,Pro,1,1819
ARIA_Pro_WBC-Malignant-Pro-103.png,Pro,1,1819
ARIA_Pro_WBC-Malignant-Pro-104.png,Pro,1,1820
ARIA_Pro_WBC-Malignant-Pro-105.png,Pro,1,1820
ARIA_Pro_WBC-Malignant-Pro-106.png,Pro,1,1820
ARIA_Pro_WBC-Malignant-Pro-107.png,Pro,1,1820
ARIA_Pro_WBC-Malignant-Pro-108.png,Pro,1,1821
ARIA_Pro_WBC-Malignant-Pro-109.png,Pro,1,1821
ARIA_Pro_WBC-Malignant-Pro-110.png,Pro,1,1822
ARIA_Pro_WBC-Malignant-Pro-111.png,Pro,1,1823
ARIA_Pro_WBC-Malignant-Pro-112.png,Pro,1,1824
ARIA_Pro_WBC-Malignant-Pro-113.png,Pro,1,1824
ARIA_Pro_WBC-Malignant-Pro-114.png,Pro,1,1825
ARIA_Pro_WBC-Malignant-Pro-115.png,Pro,1,1825
ARIA_Pro_WBC-Malignant-Pro-116.png,Pro,1,1826
ARIA_Pro_WBC-Malignant-Pro-117.png,Pro,1,1827
ARIA_Pro_WBC-Malignant-Pro-118.png,Pro,1,1827
ARIA_Pro_WBC-Malignant-Pro-119.png,Pro,1,1828
ARIA_Pro_WBC-Malignant-Pro-120.png,Pro,1,1829
ARIA_Pro_WBC-Malignant-Pro-121.png,Pro,1,1830
ARIA_Pro_WBC-Malignant-Pro-122.png,Pro,1,1831
ARIA_Pro_WBC-Malignant-Pro-123.png,Pro,1,1831
ARIA_Pro_WBC-Malignant-Pro-124.png,Pro,1,1832
ARIA_Pro_WBC-Malignant-Pro-125.png,Pro,1,1833
ARIA_Pro_WBC-Malignant-Pro-126.png,Pro,1,1834
ARIA_Pro_WBC-Malignant-Pro-127.png,Pro,1,1835
ARIA_Pro_WBC-Malignant-Pro-128.png,Pro,1,1836
ARIA_Pro_WBC-Malignant-Pro-129.png,Pro,1,1836
ARIA_Pro_WBC-Malignant-Pro-130.png,Pro,1,1837
ARIA_Pro_WBC-Malignant-Pro-131.png,Pro,1,1837
ARIA_Pro_WBC-Malignant-Pro-132.png,Pro,1,1838
ARIA_Pro_WBC-Malignant-Pro-133.png,Pro,1,1838
ARIA_Pro_WBC-Malignant-Pro-134.png,Pro,1,1839
ARIA_Pro_WBC-Malignant-Pro-135.png,Pro,1,1839
ARIA_Pro_WBC-Malignant-Pro-136.png,Pro,1,1840
ARIA_Pro_WBC-Malignant-Pro-137.png,Pro,1,1840
ARIA_Pro_WBC-Malignant-Pro-138.png,Pro,1,1841
ARIA_Pro_WBC-Malignant-Pro-139.png,Pro,1,1841
ARIA_Pro_WBC-Malignant-Pro-140.png,Pro,1,1842
ARIA_Pro_WBC-Malignant-Pro-141.png,Pro,1,1843
ARIA_Pro_WBC-Malignant-Pro-142.png,Pro,1,1844
ARIA_Pro_WBC-Malignant-Pro-143.png,Pro,1,1844
ARIA_Pro_WBC-Malignant-Pro-144.png,Pro,1,1845
ARIA_Pro_WBC-Malignant-Pro-145.png,Pro,1,1846
ARIA_Pro_WBC-Malignant-Pro-146.png,Pro,1,1846
ARIA_Pro_WBC-Malignant-Pro-147.png,Pro,1,1847
ARIA_Pro_WBC-Malignant-Pro-148.png,Pro,1,1847
ARIA_Pro_WBC-Malignant-Pro-149.png,Pro,1,1848
ARIA_Pro_WBC-Malignant-Pro-150.png,Pro,1,1849
ARIA_Pro_WBC-Malignant-Pro-151.png,Pro,1,1850
ARIA_Pro_WBC-Malignant-Pro-152.png,Pro,1,1850
ARIA_Pro_WBC-Malignant-Pro-153.png,Pro,1,1851
ARIA_Pro_WBC-Malignant-Pro-154.png,Pro,1,1852
ARIA_Pro_WBC-Malignant-Pro-155.png,Pro,1,1852
ARIA_Pro_WBC-Malignant-Pro-156.png,Pro,1,1853
ARIA_Pro_WBC-Malignant-Pro-157.png,Pro,1,1854
ARIA_Pro_WBC-Malignant-Pro-158.png,Pro,1,1854
ARIA_Pro_WBC-Malignant-Pro-159.png,Pro,1,1855
ARIA_Pro_WBC-Malignant-Pro-160.png,Pro,1,1856
ARIA_Pro_WBC-Malignant-Pro-161.png,Pro,1,1857
ARIA_Pro_WBC-Malignant-Pro-162.png,Pro,1,1858
ARIA_Pro_WBC-Malignant-Pro-163.png,Pro,1,1859
ARIA_Pro_WBC-Malignant-Pro-164.png,Pro,1,1859
ARIA_Pro_WBC-Malignant-Pro-165.png,Pro,1,1860
ARIA_Pro_WBC-Malignant-Pro-166.png,Pro,1,1861
ARIA_Pro_WBC-Malignant-Pro-167.png,Pro,1,1862
ARIA_Pro_WBC-Malignant-Pro-168.png,Pro,1,1863
ARIA_Pro_WBC-Malignant-Pro-169.png,Pro,1,1863
ARIA_Pro_WBC-Malignant-Pro-170.png,Pro,1,1864
ARIA_Pro_WBC-Malignant-Pro-171.png,Pro,1,1864
ARIA_Pro_WBC-Malignant-Pro-172.png,Pro,1,1865
ARIA_Pro_WBC-Malignant-Pro-173.png,Pro,1,1865
ARIA_Pro_WBC-Malignant-Pro-174.png,Pro,1,1865
ARIA_Pro_WBC-Malignant-Pro-175.png,Pro,1,1866
ARIA_Pro_WBC-Malignant-Pro-176.png,Pro,1,1867
ARIA_Pro_WBC-Malignant-Pro-177.png,Pro,1,1868
ARIA_Pro_WBC-Malignant-Pro-178.png,Pro,1,1868
ARIA_Pro_WBC-Malignant-Pro-179.png,Pro,1,1869
ARIA_Pro_WBC-Malignant-Pro-180.png,Pro,1,1870
ARIA_Pro_WBC-Malignant-Pro-181.png,Pro,1,1870
ARIA_Pro_WBC-Malignant-Pro-182.png,Pro,1,1870
ARIA_Pro_WBC-Malignant-Pro-183.png,Pro,1,1871
ARIA_Pro_WBC-Malignant-Pro-184.png,Pro,1,1872
ARIA_Pro_WBC-Malignant-Pro-185.png,Pro,1,1873
ARIA_Pro_WBC-Malignant-Pro-186.png,Pro,1,1874
ARIA_Pro_WBC-Malignant-Pro-187.png,Pro,1,1875
ARIA_Pro_WBC-Malignant-Pro-188.png,Pro,1,1876
ARIA_Pro_WBC-Malignant-Pro-189.png,Pro,1,1876
ARIA_Pro_WBC-Malignant-Pro-190.png,Pro,1,1877
ARIA_Pro_WBC-Malignant-Pro-191.png,Pro,1,1878
ARIA_Pro_WBC-Malignant-Pro-192.png,Pro,1,1879
ARIA_Pro_WBC-Malignant-Pro-193.png,Pro,1,1880
ARIA_Pro_WBC-Malignant-Pro-194.png,Pro,1,1881
ARIA_Pro_WBC-Malignant-Pro-195.png,Pro,1,1882
ARIA_Pro_WBC-Malignant-Pro-196.png,Pro,1,1883
ARIA_Pro_WBC-Malignant-Pro-197.png,Pro,1,1884
ARIA_Pro_WBC-Malignant-Pro-198.png,Pro,1,1885
ARIA_Pro_WBC-Malignant-Pro-199.png,Pro,1,1884
ARIA_Pro_WBC-Malignant-Pro-200.png,Pro,1,1886
ARIA_Pro_WBC-Malignant-Pro-201.png,Pro,1,1887
ARIA_Pro_WBC-Malignant-Pro-202.png,Pro,1,1888
ARIA_Pro_WBC-Malignant-Pro-203.png,Pro,1,1888
ARIA_Pro_WBC-Malignant-Pro-204.png,Pro,1,1889
ARIA_Pro_WBC-Malignant-Pro-205.png,Pro,1,1890
ARIA_Pro_WBC-Malignant-Pro-206.png,Pro,1,1891
ARIA_Pro_WBC-Malignant-Pro-207.png,Pro,1,1892
ARIA_Pro_WBC-Malignant-Pro-208.png,Pro,1,1892
ARIA_Pro_WBC-Malignant-Pro-209.png,Pro,1,1893
ARIA_Pro_WBC-Malignant-Pro-210.png,Pro,1,1894
ARIA_Pro_WBC-Malignant-Pro-211.png,Pro,1,1895
ARIA_Pro_WBC-Malignant-Pro-212.png,Pro,1,1896
ARIA_Pro_WBC-Malignant-Pro-213.png,Pro,1,1897
ARIA_Pro_WBC-Malignant-Pro-214.png,Pro,1,1898
ARIA_Pro_WBC-Malignant-Pro-215.png,Pro,1,1899
ARIA_Pro_WBC-Malignant-Pro-216.png,Pro,1,1900
ARIA_Pro_WBC-Malignant-Pro-217.png,Pro,1,1901
ARIA_Pro_WBC-Malignant-Pro-218.png,Pro,1,1902
ARIA_Pro_WBC-Malignant-Pro-219.png,Pro,1,1903
ARIA_Pro_WBC-Malignant-Pro-220.png,Pro,1,1903
ARIA_Pro_WBC-Malignant-Pro-221.png,Pro,1,1904
ARIA_Pro_WBC-Malignant-Pro-222.png,Pro,1,1905
ARIA_Pro_WBC-Malignant-Pro-223.png,Pro,1,1906
ARIA_Pro_WBC-Malignant-Pro-224.png,Pro,1,1907
ARIA_Pro_WBC-Malignant-Pro-225.png,Pro,1,1908
ARIA_Pro_WBC-Malignant-Pro-226.png,Pro,1,1909
ARIA_Pro_WBC-Malignant-Pro-227.png,Pro,1,1910
ARIA_Pro_WBC-Malignant-Pro-228.png,Pro,1,1911
ARIA_Pro_WBC-Malignant-Pro-229.png,Pro,1,1912
ARIA_Pro_WBC-Malignant-Pro-230.png,Pro,1,1913
ARIA_Pro_WBC-Malignant-Pro-231.png,Pro,1,1914
ARIA_Pro_WBC-Malignant-Pro-232.png,Pro,1,1915
ARIA_Pro_WBC-Malignant-Pro-233.png,Pro,1,1916
ARIA_Pro_WBC-Malignant-Pro-234.png,Pro,1,1917
ARIA_Pro_WBC-Malignant-Pro-235.png,Pro,1,1918
ARIA_Pro_WBC-Malignant-Pro-236.png,Pro,1,1919
ARIA_Pro_WBC-Malignant-Pro-237.png,Pro,1,1920
ARIA_Pro_WBC-Malignant-Pro-238.png,Pro,1,1921
ARIA_Pro_WBC-Malignant-Pro-239.png,Pro,1,1922
ARIA_Pro_WBC-Malignant-Pro-240.png,Pro,1,1923
ARIA_Pro_WBC-Malignant-Pro-241.png,Pro,1,1924
ARIA_Pro_WBC-Malignant-Pro-242.png,Pro,1,1925
ARIA_Pro_WBC-Malignant-Pro-243.png,Pro,1,1926
ARIA_Pro_WBC-Malignant-Pro-244.png,Pro,1,1927
ARIA_Pro_WBC-Malignant-Pro-245.png,Pro,1,1928
ARIA_Pro_WBC-Malignant-Pro-246.png,Pro,1,1929
ARIA_Pro_WBC-Malignant-Pro-247.png,Pro,1,1930
ARIA_Pro_WBC-Malignant-Pro-248.png,Pro,1,1931
ARIA_Pro_WBC-Malignant-Pro-249.png,Pro,1,1932
ARIA_Pro_WBC-Malignant-Pro-250.png,Pro,1,1933
ARIA_Pro_WBC-Malignant-Pro-251.png,Pro,1,1934
ARIA_Pro_WBC-Malignant-Pro-252.png,Pro,1,1935
ARIA_Pro_WBC-Malignant-Pro-253.png,Pro,1,1936
ARIA_Pro_WBC-Malignant-Pro-254.png,Pro,1,1937
ARIA_Pro_WBC-Malignant-Pro-255.png,Pro,1,1938
ARIA_Pro_WBC-Malignant-Pro-256.png,Pro,1,1939
ARIA_Pro_WBC-Malignant-Pro-257.png,Pro,1,1940
ARIA_Pro_WBC-Malignant-Pro-258.png,Pro,1,1941
ARIA_Pro_WBC-Malignant-Pro-259.png,Pro,1,1942
ARIA_Pro_WBC-Malignant-Pro-260.png,Pro,1,1943
ARIA_Pro_WBC-Malignant-Pro-261.png,Pro,1,1944
ARIA_Pro_WBC-Malignant-Pro-262.png,Pro,1,1944
ARIA_Pro_WBC-Malignant-Pro-263.png,Pro,1,1945
ARIA_Pro_WBC-Malignant-Pro-264.png,Pro,1,1946
ARIA_Pro_WBC-Malignant-Pro-265.png,Pro,1,1947
ARIA_Pro_WBC-Malignant-Pro-266.png,Pro,1,1948
ARIA_Pro_WBC-Malignant-Pro-267.png,Pro,1,1949
ARIA_Pro_WBC-Malignant-Pro-268.png,Pro,1,1950
ARIA_Pro_WBC-Malignant-Pro-269.png,Pro,1,1951
ARIA_Pro_WBC-Malignant-Pro-270.png,Pro,1,1952
ARIA_Pro_WBC-Malignant-Pro-271.png,Pro,1,1953
ARIA_Pro_WBC-Malignant-Pro-272.png,Pro,1,1954
ARIA_Pro_WBC-Malignant-Pro-273.png,Pro,1,1955
ARIA_Pro_WBC-Malignant-Pro-274.png,Pro,1,1956
ARIA_Pro_WBC-Malignant-Pro-275.png,Pro,1,1956
ARIA_Pro_WBC-Malignant-Pro-276.png,Pro,1,1957
ARIA_Pro_WBC-Malignant-Pro-277.png,Pro,1,1957
ARIA_Pro_WBC-Malignant-Pro-278.png,Pro,1,1957
ARIA_Pro_WBC-Malignant-Pro-279.png,Pro,1,1958
ARIA_Pro_WBC-Malignant-Pro-280.png,Pro,1,1959
ARIA_Pro_WBC-Malignant-Pro-281.png,Pro,1,1960
ARIA_Pro_WBC-Malignant-Pro-282.png,Pro,1,1953
ARIA_Pro_WBC-Malignant-Pro-283.png,Pro,1,1961
ARIA_Pro_WBC-Malignant-Pro-284.png,Pro,1,1951
ARIA_Pro_WBC-Malignant-Pro-285.png,Pro,1,1949
ARIA_Pro_WBC-Malignant-Pro-286.png,Pro,1,1962
ARIA_Pro_WBC-Malignant-Pro-287.png,Pro,1,1963
ARIA_Pro_WBC-Malignant-Pro-288.png,Pro,1,1964
ARIA_Pro_WBC-Malignant-Pro-289.png,Pro,1,1965
ARIA_Pro_WBC-Malignant-Pro-290.png,Pro,1,1966
ARIA_Pro_WBC-Malignant-Pro-291.png,Pro,1,1967
ARIA_Pro_WBC-Malignant-Pro-292.png,Pro,1,1968
ARIA_Pro_WBC-Malignant-Pro-293.png,Pro,1,1969
ARIA_Pro_WBC-Malignant-Pro-294.png,Pro,1,1970
ARIA_Pro_WBC-Malignant-Pro-295.png,Pro,1,1970
ARIA_Pro_WBC-Malignant-Pro-296.png,Pro,1,1971
ARIA_Pro_WBC-Malignant-Pro-297.png,Pro,1,1972
ARIA_Pro_WBC-Malignant-Pro-298.png,Pro,1,1973
ARIA_Pro_WBC-Malignant-Pro-299.png,Pro,1,1974
ARIA_Pro_WBC-Malignant-Pro-300.png,Pro,1,1975
ARIA_Pro_WBC-Malignant-Pro-301.png,Pro,1,1976
ARIA_Pro_WBC-Malignant-Pro-302.png,Pro,1,1977
ARIA_Pro_WBC-Malignant-Pro-303.png,Pro,1,1975
ARIA_Pro_WBC-Malignant-Pro-304.png,Pro,1,1978
ARIA_Pro_WBC-Malignant-Pro-305.png,Pro,1,1979
ARIA_Pro_WBC-Malignant-Pro-306.png,Pro,1,1980
ARIA_Pro_WBC-Malignant-Pro-307.png,Pro,1,1981
ARIA_Pro_WBC-Malignant-Pro-308.png,Pro,1,1981
ARIA_Pro_WBC-Malignant-Pro-309.png,Pro,1,1981
ARIA_Pro_WBC-Malignant-Pro-310.png,Pro,1,1982
ARIA_Pro_WBC-Malignant-Pro-311.png,Pro,1,1983
ARIA_Pro_WBC-Malignant-Pro-312.png,Pro,1,1984
ARIA_Pro_WBC-Malignant-Pro-313.png,Pro,1,1984
ARIA_Pro_WBC-Malignant-Pro-314.png,Pro,1,1985
ARIA_Pro_WBC-Malignant-Pro-315.png,Pro,1,1986
ARIA_Pro_WBC-Malignant-Pro-316.png,Pro,1,1987
ARIA_Pro_WBC-Malignant-Pro-317.png,Pro,1,1988
ARIA_Pro_WBC-Malignant-Pro-318.png,Pro,1,1989
ARIA_Pro_WBC-Malignant-Pro-319.png,Pro,1,1990
ARIA_Pro_WBC-Malignant-Pro-320.png,Pro,1,1991
ARIA_Pro_WBC-Malignant-Pro-321.png,Pro,1,1992
ARIA_Pro_WBC-Malignant-Pro-322.png,Pro,1,1993
ARIA_Pro_WBC-Malignant-Pro-323.png,Pro,1,1994
ARIA_Pro_WBC-Malignant-Pro-324.png,Pro,1,1995
ARIA_Pro_WBC-Malignant-Pro-325.png,Pro,1,1996
ARIA_Pro_WBC-Malignant-Pro-326.png,Pro,1,1997
ARIA_Pro_WBC-Malignant-Pro-327.png,Pro,1,1998
ARIA_Pro_WBC-Malignant-Pro-328.png,Pro,1,1998
ARIA_Pro_WBC-Malignant-Pro-329.png,Pro,1,1999
ARIA_Pro_WBC-Malignant-Pro-330.png,Pro,1,2000
ARIA_Pro_WBC-Malignant-Pro-331.png,Pro,1,2001
ARIA_Pro_WBC-Malignant-Pro-332.png,Pro,1,2002
ARIA_Pro_WBC-Malignant-Pro-333.png,Pro,1,2003
ARIA_Pro_WBC-Malignant-Pro-334.png,Pro,1,2004
ARIA_Pro_WBC-Malignant-Pro-335.png,Pro,1,2004
ARIA_Pro_WBC-Malignant-Pro-336.png,Pro,1,2005
ARIA_Pro_WBC-Malignant-Pro-337.png,Pro,1,2006
ARIA_Pro_WBC-Malignant-Pro-338.png,Pro,1,2007
ARIA_Pro_WBC-Malignant-Pro-339.png,Pro,1,2008
ARIA_Pro_WBC-Malignant-Pro-340.png,Pro,1,2009
ARIA_Pro_WBC-Malignant-Pro-341.png,Pro,1,2010
ARIA_Pro_WBC-Malignant-Pro-342.png,Pro,1,2011
ARIA_Pro_WBC-Malignant-Pro-343.png,Pro,1,2012
ARIA_Pro_WBC-Malignant-Pro-344.png,Pro,1,2013
ARIA_Pro_WBC-Malignant-Pro-345.png,Pro,1,2014
ARIA_Pro_WBC-Malignant-Pro-346.png,Pro,1,2015
ARIA_Pro_WBC-Malignant-Pro-347.png,Pro,1,2016
ARIA_Pro_WBC-Malignant-Pro-348.png,Pro,1,2016
ARIA_Pro_WBC-Malignant-Pro-349.png,Pro,1,2017
ARIA_Pro_WBC-Malignant-Pro-350.png,Pro,1,2018
ARIA_Pro_WBC-Malignant-Pro-351.png,Pro,1,2019
ARIA_Pro_WBC-Malignant-Pro-352.png,Pro,1,2019
ARIA_Pro_WBC-Malignant-Pro-353.png,Pro,1,2020
ARIA_Pro_WBC-Malignant-Pro-354.png,Pro,1,2020
ARIA_Pro_WBC-Malignant-Pro-355.png,Pro,1,2021
ARIA_Pro_WBC-Malignant-Pro-356.png,Pro,1,2022
ARIA_Pro_WBC-Malignant-Pro-357.png,Pro,1,2023
ARIA_Pro_WBC-Malignant-Pro-358.png,Pro,1,2023
ARIA_Pro_WBC-Malignant-Pro-359.png,Pro,1,2024
ARIA_Pro_WBC-Malignant-Pro-360.png,Pro,1,2024
ARIA_Pro_WBC-Malignant-Pro-361.png,Pro,1,2024
ARIA_Pro_WBC-Malignant-Pro-362.png,Pro,1,2025
ARIA_Pro_WBC-Malignant-Pro-363.png,Pro,1,2026
ARIA_Pro_WBC-Malignant-Pro-364.png,Pro,1,2027
ARIA_Pro_WBC-Malignant-Pro-365.png,Pro,1,2028
ARIA_Pro_WBC-Malignant-Pro-366.png,Pro,1,2029
ARIA_Pro_WBC-Malignant-Pro-367.png,Pro,1,2030
ARIA_Pro_WBC-Malignant-Pro-368.png,Pro,1,2031
ARIA_Pro_WBC-Malignant-Pro-369.png,Pro,1,2031
ARIA_Pro_WBC-Malignant-Pro-370.png,Pro,1,2032
ARIA_Pro_WBC-Malignant-Pro-371.png,Pro,1,2033
ARIA_Pro_WBC-Malignant-Pro-372.png,Pro,1,2034
ARIA_Pro_WBC-Malignant-Pro-373.png,Pro,1,2035
ARIA_Pro_WBC-Malignant-Pro-374.png,Pro,1,2036
ARIA_Pro_WBC-Malignant-Pro-375.png,Pro,1,2036
ARIA_Pro_WBC-Malignant-Pro-376.png,Pro,1,2036
ARIA_Pro_WBC-Malignant-Pro-377.png,Pro,1,2036
ARIA_Pro_WBC-Malignant-Pro-378.png,Pro,1,2036
ARIA_Pro_WBC-Malignant-Pro-379.png,Pro,1,2036
ARIA_Pro_WBC-Malignant-Pro-380.png,Pro,1,2036
ARIA_Pro_WBC-Malignant-Pro-381.png,Pro,1,2037
ARIA_Pro_WBC-Malignant-Pro-382.png,Pro,1,2037
ARIA_Pro_WBC-Malignant-Pro-383.png,Pro,1,2038
ARIA_Pro_WBC-Malignant-Pro-384.png,Pro,1,2038
ARIA_Pro_WBC-Malignant-Pro-385.png,Pro,1,2039
ARIA_Pro_WBC-Malignant-Pro-386.png,Pro,1,2040
ARIA_Pro_WBC-Malignant-Pro-387.png,Pro,1,2041
ARIA_Pro_WBC-Malignant-Pro-388.png,Pro,1,2042
ARIA_Pro_WBC-Malignant-Pro-389.png,Pro,1,2043
ARIA_Pro_WBC-Malignant-Pro-390.png,Pro,1,2044
ARIA_Pro_WBC-Malignant-Pro-391.png,Pro,1,2045
ARIA_Pro_WBC-Malignant-Pro-392.png,Pro,1,2046
ARIA_Pro_WBC-Malignant-Pro-393.png,Pro,1,2047
ARIA_Pro_WBC-Malignant-Pro-394.png,Pro,1,2047
ARIA_Pro_WBC-Malignant-Pro-395.png,Pro,1,2047
ARIA_Pro_WBC-Malignant-Pro-396.png,Pro,1,2036
ARIA_Pro_WBC-Malignant-Pro-397.png,Pro,1,2036
ARIA_Pro_WBC-Malignant-Pro-398.png,Pro,1,2048
ARIA_Pro_WBC-Malignant-Pro-399.png,Pro,1,2049
ARIA_Pro_WBC-Malignant-Pro-400.png,Pro,1,2048
ARIA_Pro_WBC-Malignant-Pro-401.png,Pro,1,2048
ARIA_Pro_WBC-Malignant-Pro-402.png,Pro,1,2050
ARIA_Pro_WBC-Malignant-Pro-403.png,Pro,1,2051
ARIA_Pro_WBC-Malignant-Pro-404.png,Pro,1,2051
ARIA_Pro_WBC-Malignant-Pro-405.png,Pro,1,2051
ARIA_Pro_WBC-Malignant-Pro-406.png,Pro,1,2052
ARIA_Pro_WBC-Malignant-Pro-407.png,Pro,1,2050
ARIA_Pro_WBC-Malignant-Pro-408.png,Pro,1,2053
ARIA_Pro_WBC-Malignant-Pro-409.png,Pro,1,2054
ARIA_Pro_WBC-Malignant-Pro-410.png,Pro,1,2047
ARIA_Pro_WBC-Malignant-Pro-411.png,Pro,1,2047
ARIA_Pro_WBC-Malignant-Pro-412.png,Pro,1,2055
ARIA_Pro_WBC-Malignant-Pro-413.png,Pro,1,2056
ARIA_Pro_WBC-Malignant-Pro-414.png,Pro,1,2057
ARIA_Pro_WBC-Malignant-Pro-415.png,Pro,1,2058
ARIA_Pro_WBC-Malignant-Pro-416.png,Pro,1,2059
ARIA_Pro_WBC-Malignant-Pro-417.png,Pro,1,2060
ARIA_Pro_WBC-Malignant-Pro-418.png,Pro,1,2061
ARIA_Pro_WBC-Malignant-Pro-419.png,Pro,1,2062
ARIA_Pro_WBC-Malignant-Pro-420.png,Pro,1,2063
ARIA_Pro_WBC-Malignant-Pro-421.png,Pro,1,2063
ARIA_Pro_WBC-Malignant-Pro-422.png,Pro,1,2064
ARIA_Pro_WBC-Malignant-Pro-423.png,Pro,1,2064
ARIA_Pro_WBC-Malignant-Pro-424.png,Pro,1,2064
ARIA_Pro_WBC-Malignant-Pro-425.png,Pro,1,2065
ARIA_Pro_WBC-Malignant-Pro-426.png,Pro,1,2066
ARIA_Pro_WBC-Malignant-Pro-427.png,Pro,1,2055
ARIA_Pro_WBC-Malignant-Pro-428.png,Pro,1,2046
ARIA_Pro_WBC-Malignant-Pro-429.png,Pro,1,2067
ARIA_Pro_WBC-Malignant-Pro-430.png,Pro,1,2056
ARIA_Pro_WBC-Malignant-Pro-431.png,Pro,1,2068
ARIA_Pro_WBC-Malignant-Pro-432.png,Pro,1,2069
ARIA_Pro_WBC-Malignant-Pro-433.png,Pro,1,2069
ARIA_Pro_WBC-Malignant-Pro-434.png,Pro,1,2069
ARIA_Pro_WBC-Malignant-Pro-435.png,Pro,1,2069
ARIA_Pro_WBC-Malignant-Pro-436.png,Pro,1,2069
ARIA_Pro_WBC-Malignant-Pro-437.png,Pro,1,2070
ARIA_Pro_WBC-Malignant-Pro-438.png,Pro,1,2071
ARIA_Pro_WBC-Malignant-Pro-439.png,Pro,1,2072
ARIA_Pro_WBC-Malignant-Pro-440.png,Pro,1,2073
ARIA_Pro_WBC-Malignant-Pro-441.png,Pro,1,2073
ARIA_Pro_WBC-Malignant-Pro-442.png,Pro,1,2074
ARIA_Pro_WBC-Malignant-Pro-443.png,Pro,1,2075
ARIA_Pro_WBC-Malignant-Pro-444.png,Pro,1,2075
ARIA_Pro_WBC-Malignant-Pro-445.png,Pro,1,2075
ARIA_Pro_WBC-Malignant-Pro-446.png,Pro,1,2076
ARIA_Pro_WBC-Malignant-Pro-447.png,Pro,1,2076
ARIA_Pro_WBC-Malignant-Pro-448.png,Pro,1,2076
ARIA_Pro_WBC-Malignant-Pro-449.png,Pro,1,2077
ARIA_Pro_WBC-Malignant-Pro-450.png,Pro,1,2077
ARIA_Pro_WBC-Malignant-Pro-451.png,Pro,1,2077
ARIA_Pro_WBC-Malignant-Pro-452.png,Pro,1,2075
ARIA_Pro_WBC-Malignant-Pro-453.png,Pro,1,2075
ARIA_Pro_WBC-Malignant-Pro-454.png,Pro,1,2075
ARIA_Pro_WBC-Malignant-Pro-455.png,Pro,1,2078
ARIA_Pro_WBC-Malignant-Pro-456.png,Pro,1,2079
ARIA_Pro_WBC-Malignant-Pro-457.png,Pro,1,2079
ARIA_Pro_WBC-Malignant-Pro-458.png,Pro,1,2080
ARIA_Pro_WBC-Malignant-Pro-459.png,Pro,1,2080
ARIA_Pro_WBC-Malignant-Pro-460.png,Pro,1,2081
ARIA_Pro_WBC-Malignant-Pro-461.png,Pro,1,2082
ARIA_Pro_WBC-Malignant-Pro-462.png,Pro,1,2070
ARIA_Pro_WBC-Malignant-Pro-463.png,Pro,1,2070
ARIA_Pro_WBC-Malignant-Pro-464.png,Pro,1,2083
ARIA_Pro_WBC-Malignant-Pro-465.png,Pro,1,2084
ARIA_Pro_WBC-Malignant-Pro-466.png,Pro,1,2085
ARIA_Pro_WBC-Malignant-Pro-467.png,Pro,1,2086
ARIA_Pro_WBC-Malignant-Pro-468.png,Pro,1,2087
ARIA_Pro_WBC-Malignant-Pro-469.png,Pro,1,2088
ARIA_Pro_WBC-Malignant-Pro-470.png,Pro,1,2055
ARIA_Pro_WBC-Malignant-Pro-471.png,Pro,1,2089
ARIA_Pro_WBC-Malignant-Pro-472.png,Pro,1,2090
ARIA_Pro_WBC-Malignant-Pro-473.png,Pro,1,2091
ARIA_Pro_WBC-Malignant-Pro-474.png,Pro,1,2046
ARIA_Pro_WBC-Malignant-Pro-475.png,Pro,1,2067
ARIA_Pro_WBC-Malignant-Pro-476.png,Pro,1,2056
ARIA_Pro_WBC-Malignant-Pro-477.png,Pro,1,2092
ARIA_Pro_WBC-Malignant-Pro-478.png,Pro,1,2068
ARIA_Pro_WBC-Malignant-Pro-479.png,Pro,1,2068
ARIA_Pro_WBC-Malignant-Pro-480.png,Pro,1,2069
ARIA_Pro_WBC-Malignant-Pro-481.png,Pro,1,2069
ARIA_Pro_WBC-Malignant-Pro-482.png,Pro,1,2069
ARIA_Pro_WBC-Malignant-Pro-483.png,Pro,1,2069
ARIA_Pro_WBC-Malignant-Pro-484.png,Pro,1,2069
ARIA_Pro_WBC-Malignant-Pro-485.png,Pro,1,2069
ARIA_Pro_WBC-Malignant-Pro-486.png,Pro,1,2069
ARIA_Pro_WBC-Malignant-Pro-487.png,Pro,1,2082
ARIA_Pro_WBC-Malignant-Pro-488.png,Pro,1,2093
ARIA_Pro_WBC-Malignant-Pro-489.png,Pro,1,2073
ARIA_Pro_WBC-Malignant-Pro-490.png,Pro,1,2094
ARIA_Pro_WBC-Malignant-Pro-491.png,Pro,1,2095
ARIA_Pro_WBC-Malignant-Pro-492.png,Pro,1,2079
ARIA_Pro_WBC-Malignant-Pro-493.png,Pro,1,2079
ARIA_Pro_WBC-Malignant-Pro-494.png,Pro,1,2080
ARIA_Pro_WBC-Malignant-Pro-495.png,Pro,1,2082
ARIA_Pro_WBC-Malignant-Pro-496.png,Pro,1,2081
ARIA_Pro_WBC-Malignant-Pro-497.png,Pro,1,2069
ARIA_Pro_WBC-Malignant-Pro-498.png,Pro,1,2069
ARIA_Pro_WBC-Malignant-Pro-499.png,Pro,1,2096
ARIA_Pro_WBC-Malignant-Pro-500.png,Pro,1,2096
ARIA_Pro_WBC-Malignant-Pro-501.png,Pro,1,2043
ARIA_Pro_WBC-Malignant-Pro-502.png,Pro,1,2097
ARIA_Pro_WBC-Malignant-Pro-503.png,Pro,1,2098
ARIA_Pro_WBC-Malignant-Pro-504.png,Pro,1,2098
ARIA_Pro_WBC-Malignant-Pro-505.png,Pro,1,2042
ARIA_Pro_WBC-Malignant-Pro-506.png,Pro,1,2041
ARIA_Pro_WBC-Malignant-Pro-507.png,Pro,1,2099
ARIA_Pro_WBC-Malignant-Pro-508.png,Pro,1,2099
ARIA_Pro_WBC-Malignant-Pro-509.png,Pro,1,2099
ARIA_Pro_WBC-Malignant-Pro-510.png,Pro,1,2100
ARIA_Pro_WBC-Malignant-Pro-511.png,Pro,1,2101
ARIA_Pro_WBC-Malignant-Pro-512.png,Pro,1,2102
ARIA_Pro_WBC-Malignant-Pro-513.png,Pro,1,2069
ARIA_Pro_WBC-Malignant-Pro-514.png,Pro,1,2069
ARIA_Pro_WBC-Malignant-Pro-515.png,Pro,1,2069
ARIA_Pro_WBC-Malignant-Pro-516.png,Pro,1,2069
ARIA_Pro_WBC-Malignant-Pro-517.png,Pro,1,2069
ARIA_Pro_WBC-Malignant-Pro-518.png,Pro,1,2070
ARIA_Pro_WBC-Malignant-Pro-519.png,Pro,1,2073
ARIA_Pro_WBC-Malignant-Pro-520.png,Pro,1,2073
ARIA_Pro_WBC-Malignant-Pro-521.png,Pro,1,2075
ARIA_Pro_WBC-Malignant-Pro-522.png,Pro,1,2076
ARIA_Pro_WBC-Malignant-Pro-523.png,Pro,1,2076
ARIA_Pro_WBC-Malignant-Pro-524.png,Pro,1,2076
ARIA_Pro_WBC-Malignant-Pro-525.png,Pro,1,2076
ARIA_Pro_WBC-Malignant-Pro-526.png,Pro,1,2077
ARIA_Pro_WBC-Malignant-Pro-527.png,Pro,1,2077
ARIA_Pro_WBC-Malignant-Pro-528.png,Pro,1,2077
ARIA_Pro_WBC-Malignant-Pro-529.png,Pro,1,2103
ARIA_Pro_WBC-Malignant-Pro-530.png,Pro,1,2104
ARIA_Pro_WBC-Malignant-Pro-531.png,Pro,1,2104
ARIA_Pro_WBC-Malignant-Pro-532.png,Pro,1,2105
ARIA_Pro_WBC-Malignant-Pro-533.png,Pro,1,2106
ARIA_Pro_WBC-Malignant-Pro-534.png,Pro,1,2107
ARIA_Pro_WBC-Malignant-Pro-535.png,Pro,1,2108
ARIA_Pro_WBC-Malignant-Pro-536.png,Pro,1,2109
ARIA_Pro_WBC-Malignant-Pro-537.png,Pro,1,2110
ARIA_Pro_WBC-Malignant-Pro-538.png,Pro,1,2110
ARIA_Pro_WBC-Malignant-Pro-539.png,Pro,1,2111
ARIA_Pro_WBC-Malignant-Pro-540.png,Pro,1,2112
ARIA_Pro_WBC-Malignant-Pro-541.png,Pro,1,2113
ARIA_Pro_WBC-Malignant-Pro-542.png,Pro,1,2114
ARIA_Pro_WBC-Malignant-Pro-543.png,Pro,1,2115
ARIA_Pro_WBC-Malignant-Pro-544.png,Pro,1,2115
ARIA_Pro_WBC-Malignant-Pro-545.png,Pro,1,2116
ARIA_Pro_WBC-Malignant-Pro-546.png,Pro,1,2116
ARIA_Pro_WBC-Malignant-Pro-547.png,Pro,1,2117
ARIA_Pro_WBC-Malignant-Pro-548.png,Pro,1,2118
ARIA_Pro_WBC-Malignant-Pro-549.png,Pro,1,2119
ARIA_Pro_WBC-Malignant-Pro-550.png,Pro,1,2120
ARIA_Pro_WBC-Malignant-Pro-551.png,Pro,1,2121
ARIA_Pro_WBC-Malignant-Pro-552.png,Pro,1,2122
ARIA_Pro_WBC-Malignant-Pro-553.png,Pro,1,2117
ARIA_Pro_WBC-Malignant-Pro-554.png,Pro,1,2123
ARIA_Pro_WBC-Malignant-Pro-555.png,Pro,1,2124
ARIA_Pro_WBC-Malignant-Pro-556.png,Pro,1,2125
ARIA_Pro_WBC-Malignant-Pro-557.png,Pro,1,2125
ARIA_Pro_WBC-Malignant-Pro-558.png,Pro,1,2126
ARIA_Pro_WBC-Malignant-Pro-559.png,Pro,1,2127
ARIA_Pro_WBC-Malignant-Pro-560.png,Pro,1,2128
ARIA_Pro_WBC-Malignant-Pro-561.png,Pro,1,2129
ARIA_Pro_WBC-Malignant-Pro-562.png,Pro,1,2130
ARIA_Pro_WBC-Malignant-Pro-563.png,Pro,1,2131
ARIA_Pro_WBC-Malignant-Pro-564.png,Pro,1,2132
ARIA_Pro_WBC-Malignant-Pro-565.png,Pro,1,2125
ARIA_Pro_WBC-Malignant-Pro-566.png,Pro,1,2125
ARIA_Pro_WBC-Malignant-Pro-567.png,Pro,1,2124
ARIA_Pro_WBC-Malignant-Pro-568.png,Pro,1,2133
ARIA_Pro_WBC-Malignant-Pro-569.png,Pro,1,2123
ARIA_Pro_WBC-Malignant-Pro-570.png,Pro,1,2123
ARIA_Pro_WBC-Malignant-Pro-571.png,Pro,1,2120
ARIA_Pro_WBC-Malignant-Pro-572.png,Pro,1,2134
ARIA_Pro_WBC-Malignant-Pro-573.png,Pro,1,2135
ARIA_Pro_WBC-Malignant-Pro-574.png,Pro,1,2136
ARIA_Pro_WBC-Malignant-Pro-575.png,Pro,1,2136
ARIA_Pro_WBC-Malignant-Pro-576.png,Pro,1,2135
ARIA_Pro_WBC-Malignant-Pro-577.png,Pro,1,2135
ARIA_Pro_WBC-Malignant-Pro-578.png,Pro,1,2137
ARIA_Pro_WBC-Malignant-Pro-579.png,Pro,1,2138
ARIA_Pro_WBC-Malignant-Pro-580.png,Pro,1,2139
ARIA_Pro_WBC-Malignant-Pro-581.png,Pro,1,2140
ARIA_Pro_WBC-Malignant-Pro-582.png,Pro,1,2140
ARIA_Pro_WBC-Malignant-Pro-583.png,Pro,1,2141
ARIA_Pro_WBC-Malignant-Pro-584.png,Pro,1,2141
ARIA_Pro_WBC-Malignant-Pro-585.png,Pro,1,2142
ARIA_Pro_WBC-Malignant-Pro-586.png,Pro,1,2142
ARIA_Pro_WBC-Malignant-Pro-587.png,Pro,1,2142
ARIA_Pro_WBC-Malignant-Pro-588.png,Pro,1,2142
ARIA_Pro_WBC-Malignant-Pro-589.png,Pro,1,2143
ARIA_Pro_WBC-Malignant-Pro-590.png,Pro,1,2143
ARIA_Pro_WBC-Malignant-Pro-591.png,Pro,1,2144
ARIA_Pro_WBC-Malignant-Pro-592.png,Pro,1,2145
ARIA_Pro_WBC-Malignant-Pro-593.png,Pro,1,2146
ARIA_Pro_WBC-Malignant-Pro-594.png,Pro,1,2147
ARIA_Pro_WBC-Malignant-Pro-595.png,Pro,1,2148
ARIA_Pro_WBC-Malignant-Pro-596.png,Pro,1,2149
ARIA_Pro_WBC-Malignant-Pro-597.png,Pro,1,2150
ARIA_Pro_WBC-Malignant-Pro-598.png,Pro,1,2151
ARIA_Pro_WBC-Malignant-Pro-599.png,Pro,1,2152
ARIA_Pro_WBC-Malignant-Pro-600.png,Pro,1,2153
ARIA_Pro_WBC-Malignant-Pro-601.png,Pro,1,2153
ARIA_Pro_WBC-Malignant-Pro-602.png,Pro,1,2154
ARIA_Pro_WBC-Malignant-Pro-603.png,Pro,1,2155
ARIA_Pro_WBC-Malignant-Pro-604.png,Pro,1,2156
ARIA_Pro_WBC-Malignant-Pro-605.png,Pro,1,2157
ARIA_Pro_WBC-Malignant-Pro-606.png,Pro,1,2157
ARIA_Pro_WBC-Malignant-Pro-607.png,Pro,1,2158
ARIA_Pro_WBC-Malignant-Pro-608.png,Pro,1,2158
ARIA_Pro_WBC-Malignant-Pro-609.png,Pro,1,2159
ARIA_Pro_WBC-Malignant-Pro-610.png,Pro,1,2160
ARIA_Pro_WBC-Malignant-Pro-611.png,Pro,1,2160
ARIA_Pro_WBC-Malignant-Pro-612.png,Pro,1,2161
ARIA_Pro_WBC-Malignant-Pro-613.png,Pro,1,2162
ARIA_Pro_WBC-Malignant-Pro-614.png,Pro,1,2163
ARIA_Pro_WBC-Malignant-Pro-615.png,Pro,1,2164
ARIA_Pro_WBC-Malignant-Pro-616.png,Pro,1,2165
ARIA_Pro_WBC-Malignant-Pro-617.png,Pro,1,2165
ARIA_Pro_WBC-Malignant-Pro-618.png,Pro,1,2166
ARIA_Pro_WBC-Malignant-Pro-619.png,Pro,1,2167
ARIA_Pro_WBC-Malignant-Pro-620.png,Pro,1,2168
ARIA_Pro_WBC-Malignant-Pro-621.png,Pro,1,2169
ARIA_Pro_WBC-Malignant-Pro-622.png,Pro,1,2170
ARIA_Pro_WBC-Malignant-Pro-623.png,Pro,1,2171
ARIA_Pro_WBC-Malignant-Pro-624.png,Pro,1,2172
ARIA_Pro_WBC-Malignant-Pro-625.png,Pro,1,2173
ARIA_Pro_WBC-Malignant-Pro-626.png,Pro,1,2174
ARIA_Pro_WBC-Malignant-Pro-627.png,Pro,1,2175
ARIA_Pro_WBC-Malignant-Pro-628.png,Pro,1,2176
ARIA_Pro_WBC-Malignant-Pro-629.png,Pro,1,2177
ARIA_Pro_WBC-Malignant-Pro-630.png,Pro,1,2178
ARIA_Pro_WBC-Malignant-Pro-631.png,Pro,1,2179
ARIA_Pro_WBC-Malignant-Pro-632.png,Pro,1,2180
ARIA_Pro_WBC-Malignant-Pro-633.png,Pro,1,2180
ARIA_Pro_WBC-Malignant-Pro-634.png,Pro,1,2111
ARIA_Pro_WBC-Malignant-Pro-635.png,Pro,1,2110
ARIA_Pro_WBC-Malignant-Pro-636.png,Pro,1,2111
ARIA_Pro_WBC-Malignant-Pro-637.png,Pro,1,2181
ARIA_Pro_WBC-Malignant-Pro-638.png,Pro,1,2182
ARIA_Pro_WBC-Malignant-Pro-639.png,Pro,1,2183
ARIA_Pro_WBC-Malignant-Pro-640.png,Pro,1,2184
ARIA_Pro_WBC-Malignant-Pro-641.png,Pro,1,2185
ARIA_Pro_WBC-Malignant-Pro-642.png,Pro,1,2185
ARIA_Pro_WBC-Malignant-Pro-643.png,Pro,1,2185
ARIA_Pro_WBC-Malignant-Pro-644.png,Pro,1,2186
ARIA_Pro_WBC-Malignant-Pro-645.png,Pro,1,2187
ARIA_Pro_WBC-Malignant-Pro-646.png,Pro,1,2123
ARIA_Pro_WBC-Malignant-Pro-647.png,Pro,1,2188
ARIA_Pro_WBC-Malignant-Pro-648.png,Pro,1,2189
ARIA_Pro_WBC-Malignant-Pro-649.png,Pro,1,2190
ARIA_Pro_WBC-Malignant-Pro-650.png,Pro,1,2125
ARIA_Pro_WBC-Malignant-Pro-651.png,Pro,1,2132
ARIA_Pro_WBC-Malignant-Pro-652.png,Pro,1,2129
ARIA_Pro_WBC-Malignant-Pro-653.png,Pro,1,2129
ARIA_Pro_WBC-Malignant-Pro-654.png,Pro,1,2191
ARIA_Pro_WBC-Malignant-Pro-655.png,Pro,1,2192
ARIA_Pro_WBC-Malignant-Pro-656.png,Pro,1,2193
ARIA_Pro_WBC-Malignant-Pro-657.png,Pro,1,2193
ARIA_Pro_WBC-Malignant-Pro-658.png,Pro,1,2194
ARIA_Pro_WBC-Malignant-Pro-659.png,Pro,1,2195
ARIA_Pro_WBC-Malignant-Pro-660.png,Pro,1,2196
ARIA_Pro_WBC-Malignant-Pro-661.png,Pro,1,2197
ARIA_Pro_WBC-Malignant-Pro-662.png,Pro,1,2198
ARIA_Pro_WBC-Malignant-Pro-663.png,Pro,1,2199
ARIA_Pro_WBC-Malignant-Pro-664.png,Pro,1,2200
ARIA_Pro_WBC-Malignant-Pro-665.png,Pro,1,2201
ARIA_Pro_WBC-Malignant-Pro-666.png,Pro,1,2201
ARIA_Pro_WBC-Malignant-Pro-667.png,Pro,1,2202
ARIA_Pro_WBC-Malignant-Pro-668.png,Pro,1,2203
ARIA_Pro_WBC-Malignant-Pro-669.png,Pro,1,2204
ARIA_Pro_WBC-Malignant-Pro-670.png,Pro,1,2205
ARIA_Pro_WBC-Malignant-Pro-671.png,Pro,1,2206
ARIA_Pro_WBC-Malignant-Pro-672.png,Pro,1,2207
ARIA_Pro_WBC-Malignant-Pro-673.png,Pro,1,2208
ARIA_Pro_WBC-Malignant-Pro-674.png,Pro,1,2209
ARIA_Pro_WBC-Malignant-Pro-675.png,Pro,1,2210
ARIA_Pro_WBC-Malignant-Pro-676.png,Pro,1,2211
ARIA_Pro_WBC-Malignant-Pro-677.png,Pro,1,2212
ARIA_Pro_WBC-Malignant-Pro-678.png,Pro,1,2213
ARIA_Pro_WBC-Malignant-Pro-679.png,Pro,1,2214
ARIA_Pro_WBC-Malignant-Pro-680.png,Pro,1,2215
ARIA_Pro_WBC-Malignant-Pro-681.png,Pro,1,2216
ARIA_Pro_WBC-Malignant-Pro-682.png,Pro,1,2217
ARIA_Pro_WBC-Malignant-Pro-683.png,Pro,1,2218
ARIA_Pro_WBC-Malignant-Pro-684.png,Pro,1,2218
ARIA_Pro_WBC-Malignant-Pro-685.png,Pro,1,2218
ARIA_Pro_WBC-Malignant-Pro-686.png,Pro,1,2219
ARIA_Pro_WBC-Malignant-Pro-687.png,Pro,1,2220
ARIA_Pro_WBC-Malignant-Pro-688.png,Pro,1,2221
ARIA_Pro_WBC-Malignant-Pro-689.png,Pro,1,2221
ARIA_Pro_WBC-Malignant-Pro-690.png,Pro,1,2222
ARIA_Pro_WBC-Malignant-Pro-691.png,Pro,1,2223
ARIA_Pro_WBC-Malignant-Pro-692.png,Pro,1,2224
ARIA_Pro_WBC-Malignant-Pro-693.png,Pro,1,2225
ARIA_Pro_WBC-Malignant-Pro-694.png,Pro,1,2226
ARIA_Pro_WBC-Malignant-Pro-695.png,Pro,1,2227
ARIA_Pro_WBC-Malignant-Pro-696.png,Pro,1,2228
ARIA_Pro_WBC-Malignant-Pro-697.png,Pro,1,2229
ARIA_Pro_WBC-Malignant-Pro-698.png,Pro,1,2230
ARIA_Pro_WBC-Malignant-Pro-699.png,Pro,1,2231
ARIA_Pro_WBC-Malignant-Pro-700.png,Pro,1,2232
ARIA_Pro_WBC-Malignant-Pro-701.png,Pro,1,2233
ARIA_Pro_WBC-Malignant-Pro-702.png,Pro,1,2234
ARIA_Pro_WBC-Malignant-Pro-703.png,Pro,1,2235
ARIA_Pro_WBC-Malignant-Pro-704.png,Pro,1,2236
ARIA_Pro_WBC-Malignant-Pro-705.png,Pro,1,2237
ARIA_Pro_WBC-Malignant-Pro-706.png,Pro,1,2238
ARIA_Pro_WBC-Malignant-Pro-707.png,Pro,1,2239
ARIA_Pro_WBC-Malignant-Pro-708.png,Pro,1,2240
ARIA_Pro_WBC-Malignant-Pro-709.png,Pro,1,2241
ARIA_Pro_WBC-Malignant-Pro-710.png,Pro,1,2242
ARIA_Pro_WBC-Malignant-Pro-711.png,Pro,1,2243
ARIA_Pro_WBC-Malignant-Pro-712.png,Pro,1,2244
ARIA_Pro_WBC-Malignant-Pro-713.png,Pro,1,2245
ARIA_Pro_WBC-Malignant-Pro-714.png,Pro,1,2246
ARIA_Pro_WBC-Malignant-Pro-715.png,Pro,1,2247
ARIA_Pro_WBC-Malignant-Pro-716.png,Pro,1,2248
ARIA_Pro_WBC-Malignant-Pro-717.png,Pro,1,2248
ARIA_Pro_WBC-Malignant-Pro-718.png,Pro,1,2249
ARIA_Pro_WBC-Malignant-Pro-719.png,Pro,1,2250
ARIA_Pro_WBC-Malignant-Pro-720.png,Pro,1,2251
ARIA_Pro_WBC-Malignant-Pro-721.png,Pro,1,2252
ARIA_Pro_WBC-Malignant-Pro-722.png,Pro,1,2253
ARIA_Pro_WBC-Malignant-Pro-723.png,Pro,1,2254
ARIA_Pro_WBC-Malignant-Pro-724.png,Pro,1,2255
ARIA_Pro_WBC-Malignant-Pro-725.png,Pro,1,2256
ARIA_Pro_WBC-Malignant-Pro-726.png,Pro,1,2257
ARIA_Pro_WBC-Malignant-Pro-727.png,Pro,1,2257
ARIA_Pro_WBC-Malignant-Pro-728.png,Pro,1,2258
ARIA_Pro_WBC-Malignant-Pro-729.png,Pro,1,2259
ARIA_Pro_WBC-Malignant-Pro-730.png,Pro,1,2260
ARIA_Pro_WBC-Malignant-Pro-731.png,Pro,1,2261
ARIA_Pro_WBC-Malignant-Pro-732.png,Pro,1,2262
ARIA_Pro_WBC-Malignant-Pro-733.png,Pro,1,2263
ARIA_Pro_WBC-Malignant-Pro-734.png,Pro,1,2264
ARIA_Pro_WBC-Malignant-Pro-735.png,Pro,1,2265
ARIA_Pro_WBC-Malignant-Pro-736.png,Pro,1,2266
ARIA_Pro_WBC-Malignant-Pro-737.png,Pro,1,2267
ARIA_Pro_WBC-Malignant-Pro-738.png,Pro,1,2268
ARIA_Pro_WBC-Malignant-Pro-739.png,Pro,1,2269
ARIA_Pro_WBC-Malignant-Pro-740.png,Pro,1,2270
ARIA_Pro_WBC-Malignant-Pro-741.png,Pro,1,2271
ARIA_Pro_WBC-Malignant-Pro-742.png,Pro,1,2271
ARIA_Pro_WBC-Malignant-Pro-743.png,Pro,1,2272
ARIA_Pro_WBC-Malignant-Pro-744.png,Pro,1,2272
ARIA_Pro_WBC-Malignant-Pro-745.png,Pro,1,2272
ARIA_Pro_WBC-Malignant-Pro-746.png,Pro,1,2272
ARIA_Pro_WBC-Malignant-Pro-747.png,Pro,1,2273
ARIA_Pro_WBC-Malignant-Pro-748.png,Pro,1,2274
ARIA_Pro_WBC-Malignant-Pro-749.png,Pro,1,2275
ARIA_Pro_WBC-Malignant-Pro-750.png,Pro,1,2276
ARIA_Pro_WBC-Malignant-Pro-751.png,Pro,1,2276
ARIA_Pro_WBC-Malignant-Pro-752.png,Pro,1,2277
ARIA_Pro_WBC-Malignant-Pro-753.png,Pro,1,2278
ARIA_Pro_WBC-Malignant-Pro-754.png,Pro,1,2279
ARIA_Pro_WBC-Malignant-Pro-755.png,Pro,1,2280
ARIA_Pro_WBC-Malignant-Pro-756.png,Pro,1,2281
ARIA_Pro_WBC-Malignant-Pro-757.png,Pro,1,2282
ARIA_Pro_WBC-Malignant-Pro-758.png,Pro,1,2283
ARIA_Pro_WBC-Malignant-Pro-759.png,Pro,1,2284
ARIA_Pro_WBC-Malignant-Pro-760.png,Pro,1,2285
ARIA_Pro_WBC-Malignant-Pro-761.png,Pro,1,2286
ARIA_Pro_WBC-Malignant-Pro-762.png,Pro,1,2287
ARIA_Pro_WBC-Malignant-Pro-763.png,Pro,1,2288
ARIA_Pro_WBC-Malignant-Pro-764.png,Pro,1,2289
ARIA_Pro_WBC-Malignant-Pro-765.png,Pro,1,2290
ARIA_Pro_WBC-Malignant-Pro-766.png,Pro,1,2290
ARIA_Pro_WBC-Malignant-Pro-767.png,Pro,1,2291
ARIA_Pro_WBC-Malignant-Pro-768.png,Pro,1,2292
ARIA_Pro_WBC-Malignant-Pro-769.png,Pro,1,2292
ARIA_Pro_WBC-Malignant-Pro-770.png,Pro,1,2290
ARIA_Pro_WBC-Malignant-Pro-771.png,Pro,1,2293
ARIA_Pro_WBC-Malignant-Pro-772.png,Pro,1,2294
ARIA_Pro_WBC-Malignant-Pro-773.png,Pro,1,2295
ARIA_Pro_WBC-Malignant-Pro-774.png,Pro,1,2296
ARIA_Pro_WBC-Malignant-Pro-775.png,Pro,1,2297
ARIA_Pro_WBC-Malignant-Pro-776.png,Pro,1,2298
ARIA_Pro_WBC-Malignant-Pro-777.png,Pro,1,2299
ARIA_Pro_WBC-Malignant-Pro-778.png,Pro,1,2300
ARIA_Pro_WBC-Malignant-Pro-779.png,Pro,1,2301
ARIA_Pro_WBC-Malignant-Pro-780.png,Pro,1,2302
ARIA_Pro_WBC-Malignant-Pro-781.png,Pro,1,2303
ARIA_Pro_WBC-Malignant-Pro-782.png,Pro,1,2304
ARIA_Pro_WBC-Malignant-Pro-783.png,Pro,1,2305
ARIA_Pro_WBC-Malignant-Pro-784.png,Pro,1,2306
ARIA_Pro_WBC-Malignant-Pro-785.png,Pro,1,2307
ARIA_Pro_WBC-Malignant-Pro-786.png,Pro,1,2308
ARIA_Pro_WBC-Malignant-Pro-787.png,Pro,1,2309
ARIA_Pro_WBC-Malignant-Pro-788.png,Pro,1,2310
ARIA_Pro_WBC-Malignant-Pro-789.png,Pro,1,2311
ARIA_Pro_WBC-Malignant-Pro-790.png,Pro,1,2312
ARIA_Pro_WBC-Malignant-Pro-791.png,Pro,1,2313
ARIA_Pro_WBC-Malignant-Pro-792.png,Pro,1,2313
ARIA_Pro_WBC-Malignant-Pro-793.png,Pro,1,2314
ARIA_Pro_WBC-Malignant-Pro-794.png,Pro,1,2315
ARIA_Pro_WBC-Malignant-Pro-795.png,Pro,1,2316
ARIA_Pro_WBC-Malignant-Pro-796.png,Pro,1,2317
ARIA_Pro_WBC-Malignant-Pro-797.png,Pro,1,2318
ARIA_Pro_WBC-Malignant-Pro-798.png,Pro,1,2319
ARIA_Pro_WBC-Malignant-Pro-799.png,Pro,1,2320
ARIA_Pro_WBC-Malignant-Pro-800.png,Pro,1,2321
ARIA_Pro_WBC-Malignant-Pro-801.png,Pro,1,2322
ARIA_Pro_WBC-Malignant-Pro-802.png,Pro,1,2323
ARIA_Pro_WBC-Malignant-Pro-803.png,Pro,1,2322
ARIA_Pro_WBC-Malignant-Pro-804.png,Pro,1,2322
